{
  "type": "FeatureCollection",
  "features": [
    {
      "type": "Feature",
      "geometry": {
        "type": "Point",
        "coordinates": [
          29.0025758743286,
          41.0449949904498
        ]
      },
      "properties": {
        "ad": "Vegan Masa (Beşiktaş)",
        "il": "İstanbul",
        "ilce": "Beşiktaş",
        "tur": "vegan",
        "adres": "Türkali, Mısırlıbahçe Sok. No: 8/A, Beşiktaş/İstanbul",
        "telefon": "+90 535 278 76 61",
        "not": "Geleneksel Türk mutfağının vegan versiyonları (pide, lahmacun, künefe)",
        "id": "v0001",
        "kaynak": "Google Places",
        "eklenme": "2026-07-24",
        "web": "https://www.instagram.com/veganmasa/",
        "duzenlenme": "2026-07-26"
      }
    },
    {
      "type": "Feature",
      "geometry": {
        "type": "Point",
        "coordinates": [
          28.9818021655083,
          41.0309626165044
        ]
      },
      "properties": {
        "ad": "Vegan Istanbul",
        "il": "İstanbul",
        "ilce": "Beyoğlu",
        "tur": "vegan",
        "adres": "Firuzağa, Türkgücü Cd. No:51A, Beyoğlu/İstanbul",
        "telefon": "+90 212 249 00 08",
        "not": "Uygun fiyatlı büfe usulü vegan lokanta, aynı zamanda market",
        "id": "v0002",
        "kaynak": "Google Places, HappyCow",
        "eklenme": "2026-07-24",
        "web": "https://veganistanbul34.com/",
        "duzenlenme": "2026-07-26"
      }
    },
    {
      "type": "Feature",
      "geometry": {
        "type": "Point",
        "coordinates": [
          28.9840176701546,
          41.0326500584461
        ]
      },
      "properties": {
        "ad": "Vegan Dükkan Lokanta",
        "il": "İstanbul",
        "ilce": "Beyoğlu",
        "tur": "vegan",
        "adres": "Cihangir, Sıraselviler Cad., Soğancı Sk., Beyoğlu/İstanbul",
        "telefon": "+90 212 741 43 59",
        "not": "Geleneksel Türk yemeklerinin vegan yorumu (kebap, mantı)",
        "id": "v0003",
        "kaynak": "Google Places, HappyCow",
        "eklenme": "2026-07-24",
        "web": "https://vegandukkanlokanta.com/",
        "duzenlenme": "2026-07-26"
      }
    },
    {
      "type": "Feature",
      "geometry": {
        "type": "Point",
        "coordinates": [
          29.027681350708,
          40.9913661405624
        ]
      },
      "properties": {
        "ad": "Vegan Masa (Kadıköy)",
        "il": "İstanbul",
        "ilce": "Kadıköy",
        "tur": "vegan",
        "adres": "Osmanağa, Vahapbey Sok. No:18/A, Kadıköy/İstanbul",
        "telefon": "+90 541 255 69 72",
        "not": "Tamamen vegan Türk restoranı (pide, lahmacun, çorba, kadayıf)",
        "id": "v0004",
        "kaynak": "Google Places, HappyCow",
        "eklenme": "2026-07-24",
        "web": "https://www.instagram.com/veganmasa/",
        "duzenlenme": "2026-07-26"
      }
    },
    {
      "type": "Feature",
      "geometry": {
        "type": "Point",
        "coordinates": [
          28.9712905883789,
          41.0046317079788
        ]
      },
      "properties": {
        "ad": "Arch Bistro",
        "il": "İstanbul",
        "ilce": "Fatih",
        "tur": "vegan dostu",
        "adres": "Küçük Ayasofya, Kadırga Limanı Cd. No:177, Fatih/İstanbul",
        "telefon": "+90 532 490 47 24",
        "not": "Geniş vegan seçenekli şarap barı/bistro",
        "id": "v0005",
        "kaynak": "Google Places",
        "eklenme": "2026-07-24",
        "web": "https://archbistro.com/",
        "duzenlenme": "2026-07-26"
      }
    },
    {
      "type": "Feature",
      "geometry": {
        "type": "Point",
        "coordinates": [
          28.9764913916588,
          41.0269765207567
        ]
      },
      "properties": {
        "ad": "Vacilando",
        "il": "İstanbul",
        "ilce": "Beyoğlu",
        "tur": "vegan",
        "adres": "Hacımimi Mah. Dibek Sokak 17/A, Beyoğlu/İstanbul",
        "telefon": "+90 544 930 97 39",
        "not": "Vegan kafe, galet ve tatlı ağırlıklı",
        "id": "v0006",
        "kaynak": "Google Places",
        "eklenme": "2026-07-24",
        "web": "https://vacilandoistanbul.com/",
        "duzenlenme": "2026-07-26"
      }
    },
    {
      "type": "Feature",
      "geometry": {
        "type": "Point",
        "coordinates": [
          29.0230947732925,
          40.984140111462
        ]
      },
      "properties": {
        "ad": "GRINGO - Vegan Street Food",
        "il": "İstanbul",
        "ilce": "Kadıköy",
        "tur": "vegan",
        "adres": "Caferağa, Hünkar Sok. NO:8/A, Kadıköy/İstanbul",
        "telefon": "+90 533 562 24 94",
        "not": "Vegan sokak lezzetleri (seitan wrap, döner)",
        "id": "v0007",
        "kaynak": "Google Places",
        "eklenme": "2026-07-24",
        "web": "https://www.instagram.com/_gringomoda/",
        "duzenlenme": "2026-07-26"
      }
    },
    {
      "type": "Feature",
      "geometry": {
        "type": "Point",
        "coordinates": [
          29.0275526046753,
          40.9889831974633
        ]
      },
      "properties": {
        "ad": "Salve Cafe",
        "il": "İstanbul",
        "ilce": "Kadıköy",
        "tur": "vegan",
        "adres": "Osmanağa, Piri Çavuş Sk. No:4, Kadıköy/İstanbul",
        "telefon": "+90 539 925 31 08",
        "not": "Vegan burger ve tatlı ağırlıklı kafe",
        "id": "v0008",
        "kaynak": "Google Places",
        "eklenme": "2026-07-24",
        "web": "https://www.instagram.com/salvekadikoy/",
        "duzenlenme": "2026-07-26"
      }
    },
    {
      "type": "Feature",
      "geometry": {
        "type": "Point",
        "coordinates": [
          29.0331262350082,
          41.0795230064807
        ]
      },
      "properties": {
        "ad": "Bi Nevi Deli",
        "il": "İstanbul",
        "ilce": "Beşiktaş",
        "tur": "vegan",
        "adres": "Etiler, Dilhayat Sk. No:10/1, Beşiktaş/İstanbul",
        "telefon": "+90 212 358 60 32",
        "not": "Vegan deli, glutensiz seçenekler mevcut",
        "id": "v0009",
        "kaynak": "Google Places, HappyCow",
        "eklenme": "2026-07-24",
        "web": "https://binevideli.com/",
        "duzenlenme": "2026-07-26"
      }
    },
    {
      "type": "Feature",
      "geometry": {
        "type": "Point",
        "coordinates": [
          29.0232852101326,
          40.9851180709494
        ]
      },
      "properties": {
        "ad": "Turp Vegan Sokak Lezzetleri",
        "il": "İstanbul",
        "ilce": "Kadıköy",
        "tur": "vegan",
        "adres": "Caferağa Mh, Mühürdar Karakolu Sk. 12/B, Kadıköy/İstanbul",
        "telefon": "+90 539 575 84 25",
        "not": "Vegan burger ve döner",
        "id": "v0010",
        "kaynak": "Google Places",
        "eklenme": "2026-07-24",
        "web": "https://www.instagram.com/turpmoda/",
        "duzenlenme": "2026-07-26"
      }
    },
    {
      "type": "Feature",
      "geometry": {
        "type": "Point",
        "coordinates": [
          32.855054140091,
          39.9014114685697
        ]
      },
      "properties": {
        "ad": "Vinni The Vegan Witch",
        "il": "Ankara",
        "ilce": "Çankaya",
        "tur": "vegan",
        "adres": "Remzi Oğuz Arık, Gerede Sk. No:3 D:A, Çankaya/Ankara",
        "telefon": "+90 531 305 75 72",
        "not": "Vegan pastane/kafe, queer-dostu mekan",
        "id": "v0011",
        "kaynak": "Google Places",
        "eklenme": "2026-07-24",
        "web": "https://www.veganwitchvinni.com/",
        "duzenlenme": "2026-07-26"
      }
    },
    {
      "type": "Feature",
      "geometry": {
        "type": "Point",
        "coordinates": [
          32.8559929132462,
          39.9002920951604
        ]
      },
      "properties": {
        "ad": "Eathica Eatery",
        "il": "Ankara",
        "ilce": "Çankaya",
        "tur": "vegan dostu",
        "adres": "Güvenevler, Gülden Sk. 2/A, Çankaya/Ankara",
        "telefon": "+90 312 338 53 38",
        "not": "Geniş vejetaryen/vegan menü, et içeren ürünler de var",
        "id": "v0012",
        "kaynak": "Google Places",
        "eklenme": "2026-07-24",
        "web": "https://eathica.com.tr",
        "duzenlenme": "2026-07-26"
      }
    },
    {
      "type": "Feature",
      "geometry": {
        "type": "Point",
        "coordinates": [
          32.8289026021958,
          39.9245417771551
        ]
      },
      "properties": {
        "ad": "Gabo Plant Based",
        "il": "Ankara",
        "ilce": "Çankaya",
        "tur": "vegan",
        "adres": "Yukarı Bahçelievler, Şht. H.Temel Kuğuoğlu Sk No:17/A, Çankaya/Ankara",
        "telefon": "+90 537 438 44 16",
        "not": "Anadolu mutfağının bitkisel bazlı yorumu",
        "id": "v0013",
        "kaynak": "Google Places",
        "eklenme": "2026-07-24",
        "web": "https://gaboplantbased.com/",
        "duzenlenme": "2026-07-26"
      }
    },
    {
      "type": "Feature",
      "geometry": {
        "type": "Point",
        "coordinates": [
          32.8575351834297,
          39.9013312199815
        ]
      },
      "properties": {
        "ad": "Terradan Vegan Pub & Mutfak",
        "il": "Ankara",
        "ilce": "Çankaya",
        "tur": "vegan",
        "adres": "Remzi Oğuz Arık, Paris Cd. 49/AA, 06680 Çankaya/Ankara",
        "telefon": "+90 542 100 83 72",
        "not": "Vegan pub, bira ve kokteyl mevcut",
        "id": "v0014",
        "kaynak": "Google Places, HappyCow",
        "eklenme": "2026-07-24",
        "web": "https://www.instagram.com/terradanpub/",
        "duzenlenme": "2026-07-26"
      }
    },
    {
      "type": "Feature",
      "geometry": {
        "type": "Point",
        "coordinates": [
          32.858476638794,
          39.9085840781082
        ]
      },
      "properties": {
        "ad": "Junk Vegan",
        "il": "Ankara",
        "ilce": "Çankaya",
        "tur": "vegan",
        "adres": "Remzi Oğuz Arık, Tunus Cd No:49, Çankaya/Ankara",
        "telefon": "+90 531 290 26 32",
        "not": "Vegan fast-food (döner, burger, hot dog)",
        "id": "v0015",
        "kaynak": "Google Places, HappyCow",
        "eklenme": "2026-07-24",
        "web": "https://www.instagram.com/junkveganankara/",
        "duzenlenme": "2026-07-26"
      }
    },
    {
      "type": "Feature",
      "geometry": {
        "type": "Point",
        "coordinates": [
          27.1380811929703,
          38.4290258286696
        ]
      },
      "properties": {
        "ad": "Mystery Foods Gluten-Free Atelier Alsancak",
        "il": "İzmir",
        "ilce": "Konak",
        "tur": "vegan dostu",
        "adres": "Kültür mahallesi, Alsancak, 1375. Sk. No:6 D:C, Konak/İzmir",
        "telefon": "+90 501 035 67 15",
        "not": "Glutensiz odaklı, vegan seçenekler mevcut",
        "id": "v0016",
        "kaynak": "Google Places, HappyCow",
        "eklenme": "2026-07-24",
        "web": "https://www.instagram.com/mysteryfoodsglutenfree/",
        "duzenlenme": "2026-07-26"
      }
    },
    {
      "type": "Feature",
      "geometry": {
        "type": "Point",
        "coordinates": [
          27.1008414030075,
          38.460005360907
        ]
      },
      "properties": {
        "ad": "gibi vegan",
        "il": "İzmir",
        "ilce": "Karşıyaka",
        "tur": "vegan",
        "adres": "Bostanlı, Şehitler Blv No:49/C, Karşıyaka/İzmir",
        "telefon": "+90 545 855 54 15",
        "not": "Tamamen vegan, mantı ve tiramisu öne çıkan",
        "id": "v0017",
        "kaynak": "Google Places, HappyCow",
        "eklenme": "2026-07-24",
        "web": "https://www.instagram.com/gibivegan/",
        "duzenlenme": "2026-07-26"
      }
    },
    {
      "type": "Feature",
      "geometry": {
        "type": "Point",
        "coordinates": [
          27.1441161632538,
          38.4375057148798
        ]
      },
      "properties": {
        "ad": "Yaşam Vegan",
        "il": "İzmir",
        "ilce": "Konak",
        "tur": "vegan",
        "adres": "1484 Sk 9/A, Alsancak Konak, İzmir",
        "telefon": "+90 534 033 03 72",
        "not": "İzmir'in ilk %100 vegan restoranı",
        "id": "v0018",
        "kaynak": "Google Places, HappyCow",
        "eklenme": "2026-07-24",
        "web": "https://www.facebook.com/Yasamvegancafe/",
        "duzenlenme": "2026-07-26"
      }
    },
    {
      "type": "Feature",
      "geometry": {
        "type": "Point",
        "coordinates": [
          27.1406158804894,
          38.432217458717
        ]
      },
      "properties": {
        "ad": "Boho Lokal",
        "il": "İzmir",
        "ilce": "Konak",
        "tur": "vegan dostu",
        "adres": "Kültür, Şevket Özçelik Sk. No:2 D:E, Konak/İzmir",
        "telefon": "+90 545 357 52 92",
        "not": "Zeytinyağlı/meze ağırlıklı, geniş vegan seçenek",
        "id": "v0019",
        "kaynak": "Google Places",
        "eklenme": "2026-07-24",
        "web": "https://www.instagram.com/boholokal/",
        "duzenlenme": "2026-07-26"
      }
    },
    {
      "type": "Feature",
      "geometry": {
        "type": "Point",
        "coordinates": [
          27.1209955215454,
          38.4571342159979
        ]
      },
      "properties": {
        "ad": "MOONO Vegan Stuff",
        "il": "İzmir",
        "ilce": "Karşıyaka",
        "tur": "vegan",
        "adres": "No:34D Şehit Üt. Ahmet Konuksever Sk, İzmir",
        "telefon": "+90 232 999 78 48",
        "not": "Tamamen vegan fırın ve kafe (ekler, muffin, börek)",
        "id": "v0020",
        "kaynak": "Google Places, HappyCow",
        "eklenme": "2026-07-24",
        "web": "https://www.instagram.com/moonovegan/",
        "duzenlenme": "2026-07-26"
      }
    },
    {
      "type": "Feature",
      "geometry": {
        "type": "Point",
        "coordinates": [
          27.1693986654282,
          38.4624899536925
        ]
      },
      "properties": {
        "ad": "Smyrnart Coffee Atölye",
        "il": "İzmir",
        "ilce": "Bayraklı",
        "tur": "vegan dostu",
        "adres": "Bayraklı, 1909. Sk. 13A, Bayraklı/İzmir",
        "telefon": "+90 555 759 49 49",
        "not": "Kafe, vegan cheesecake ve atölyeler",
        "id": "v0021",
        "kaynak": "Google Places",
        "eklenme": "2026-07-24",
        "web": null,
        "duzenlenme": "2026-07-26"
      }
    },
    {
      "type": "Feature",
      "geometry": {
        "type": "Point",
        "coordinates": [
          27.1456262469292,
          38.4389238345152
        ]
      },
      "properties": {
        "ad": "inn coffee",
        "il": "İzmir",
        "ilce": "Konak",
        "tur": "vegan dostu",
        "adres": "Alsancak, 1460. Sk. No:21, Konak/İzmir",
        "telefon": "+90 531 778 74 18",
        "not": "Kafe, glutensiz ve vegan ürünler",
        "id": "v0022",
        "kaynak": "Google Places",
        "eklenme": "2026-07-24",
        "web": "https://inncoffee.com.tr/",
        "duzenlenme": "2026-07-26"
      }
    },
    {
      "type": "Feature",
      "geometry": {
        "type": "Point",
        "coordinates": [
          29.0606215596199,
          40.1868896977105
        ]
      },
      "properties": {
        "ad": "Meze Bursa",
        "il": "Bursa",
        "ilce": "Osmangazi",
        "tur": "vegan dostu",
        "adres": "Şehreküstü, Durak Cd. No:8, Osmangazi/Bursa",
        "telefon": "+90 553 387 86 85",
        "not": "Vejetaryen meze ve gözleme ağırlıklı",
        "id": "v0023",
        "kaynak": "Google Places",
        "eklenme": "2026-07-24",
        "web": "https://www.instagram.com/mezebursa/",
        "duzenlenme": "2026-07-26"
      }
    },
    {
      "type": "Feature",
      "geometry": {
        "type": "Point",
        "coordinates": [
          29.0506088733673,
          40.1901353258412
        ]
      },
      "properties": {
        "ad": "Vasfi Felafel",
        "il": "Bursa",
        "ilce": "Osmangazi",
        "tur": "vegan dostu",
        "adres": "Yahşibey, Bozkurt Cd. No:3, Osmangazi/Bursa",
        "telefon": "+90 534 977 82 53",
        "not": "Filistin mutfağı, falafel ve humus",
        "id": "v0024",
        "kaynak": "Google Places",
        "eklenme": "2026-07-24",
        "web": null,
        "duzenlenme": "2026-07-26"
      }
    },
    {
      "type": "Feature",
      "geometry": {
        "type": "Point",
        "coordinates": [
          28.8461494445801,
          40.2246719701556
        ]
      },
      "properties": {
        "ad": "At Kafe",
        "il": "Bursa",
        "ilce": "Nilüfer",
        "tur": "vegan dostu",
        "adres": "Dumlupınar, Kalkan Sk. Mehmet Ayşe Güney Apt. 4/A1 B Blok, Nilüfer/Bursa",
        "telefon": "+90 555 703 51 16",
        "not": "Vegan seçenekli kafe",
        "id": "v0025",
        "kaynak": "Google Places",
        "eklenme": "2026-07-24",
        "web": "https://www.instagram.com/at_kafe/",
        "duzenlenme": "2026-07-26"
      }
    },
    {
      "type": "Feature",
      "geometry": {
        "type": "Point",
        "coordinates": [
          30.7733219861984,
          36.8545184914003
        ]
      },
      "properties": {
        "ad": "Salt Vegetarian",
        "il": "Antalya",
        "ilce": "Muratpaşa",
        "tur": "vejetaryen",
        "adres": "Çağlayan mahallesi 2028 sokak, Muratpaşa/Antalya",
        "telefon": "+90 535 880 72 58",
        "not": "Vejetaryen kahvaltı ve bowl, yumurta içerebilir",
        "id": "v0026",
        "kaynak": "Google Places",
        "eklenme": "2026-07-24",
        "web": "https://www.instagram.com/salt.vegetarian/",
        "duzenlenme": "2026-07-26"
      }
    },
    {
      "type": "Feature",
      "geometry": {
        "type": "Point",
        "coordinates": [
          30.6685602664948,
          36.8907591978409
        ]
      },
      "properties": {
        "ad": "Sisu Vegan Kitchen",
        "il": "Antalya",
        "ilce": "Muratpaşa",
        "tur": "vegan",
        "adres": "Meltem, 3808. Sk. 13 C, Muratpaşa/Antalya",
        "telefon": "+90 544 934 62 34",
        "not": "Vegan bowl, ramen, tofu tavuk",
        "id": "v0027",
        "kaynak": "Google Places",
        "eklenme": "2026-07-24",
        "web": "https://www.sisukitchentr.com/en",
        "duzenlenme": "2026-07-26"
      }
    },
    {
      "type": "Feature",
      "geometry": {
        "type": "Point",
        "coordinates": [
          30.6402361392975,
          36.8662143815354
        ]
      },
      "properties": {
        "ad": "Gaiya's Vegan House",
        "il": "Antalya",
        "ilce": "Konyaaltı",
        "tur": "vegan",
        "adres": "Altınkum, 470 Sk 9 E, Antalya",
        "telefon": "+90 242 228 07 00",
        "not": "Vegan lahmacun, mantı, shawarma",
        "id": "v0028",
        "kaynak": "Google Places, HappyCow",
        "eklenme": "2026-07-24",
        "web": "https://www.instagram.com/gaiyasveganhouse/",
        "duzenlenme": "2026-07-26"
      }
    },
    {
      "type": "Feature",
      "geometry": {
        "type": "Point",
        "coordinates": [
          30.6510615348816,
          36.8750376921639
        ]
      },
      "properties": {
        "ad": "Venüs Cafe & Kitchen",
        "il": "Antalya",
        "ilce": "Konyaaltı",
        "tur": "vegan dostu",
        "adres": "Arapsuyu, 636. Sk., Konyaaltı/Antalya",
        "telefon": "+90 543 544 41 70",
        "not": "Falafel bowl, sağlıklı kahvaltı, yumurtalı seçenekler de var",
        "id": "v0029",
        "kaynak": "Google Places",
        "eklenme": "2026-07-24",
        "web": "https://www.instagram.com/venuscafekitchen/",
        "duzenlenme": "2026-07-26"
      }
    },
    {
      "type": "Feature",
      "geometry": {
        "type": "Point",
        "coordinates": [
          30.7069104909897,
          36.8848725939279
        ]
      },
      "properties": {
        "ad": "LEVEL - Vegan & Gluten Free",
        "il": "Antalya",
        "ilce": "Muratpaşa",
        "tur": "vegan",
        "adres": "Barbaros, Civelek Sk. No:12, Muratpaşa/Antalya",
        "telefon": "+90 533 403 36 76",
        "not": "Vegan ve glutensiz burger, buddha bowl",
        "id": "v0030",
        "kaynak": "Google Places, HappyCow",
        "eklenme": "2026-07-24",
        "web": "https://levelkaleici.com/",
        "duzenlenme": "2026-07-26"
      }
    },
    {
      "type": "Feature",
      "geometry": {
        "type": "Point",
        "coordinates": [
          27.3835301399231,
          37.0480016375821
        ]
      },
      "properties": {
        "ad": "Lilaya Bodrum",
        "il": "Muğla",
        "ilce": "Bodrum",
        "tur": "vegan dostu",
        "adres": "Konacık, Kanuni Sultan Süleyman Cd. No:11, Bodrum/Muğla",
        "telefon": "+90 532 220 16 99",
        "not": "Detoks/sağlıklı beslenme mekanı, vegan seçenekler",
        "id": "v0031",
        "kaynak": "Google Places",
        "eklenme": "2026-07-24",
        "web": "https://www.lilayabodrum.com/",
        "duzenlenme": "2026-07-26"
      }
    },
    {
      "type": "Feature",
      "geometry": {
        "type": "Point",
        "coordinates": [
          27.4070109,
          37.0374055
        ]
      },
      "properties": {
        "ad": "brakte",
        "il": "Muğla",
        "ilce": "Bodrum",
        "tur": "vegan",
        "adres": "Cevat Şakir, Sadi Irmak Cd. No:18 D:C, Bodrum/Muğla",
        "telefon": "+90 553 247 25 83",
        "not": "Bodrum'daki tek tam vegan mekan (yorumlara göre)",
        "id": "v0032",
        "kaynak": "Google Places",
        "eklenme": "2026-07-24"
      }
    },
    {
      "type": "Feature",
      "geometry": {
        "type": "Point",
        "coordinates": [
          30.5101646,
          39.7831354
        ]
      },
      "properties": {
        "ad": "Vegan Eskişehir",
        "il": "Eskişehir",
        "ilce": "Tepebaşı",
        "tur": "vegan",
        "adres": "Eskibağlar, Yenilik Sk. No: 22/A, Tepebaşı/Eskişehir",
        "telefon": "+90 554 596 56 28",
        "not": "Bölgenin en kapsamlı vegan mekanı (yorumlara göre)",
        "id": "v0033",
        "kaynak": "Google Places",
        "eklenme": "2026-07-24",
        "web": "https://veganeskisehir.com/"
      }
    },
    {
      "type": "Feature",
      "geometry": {
        "type": "Point",
        "coordinates": [
          30.5258803,
          39.7649917
        ]
      },
      "properties": {
        "ad": "Wongie Kitchen",
        "il": "Eskişehir",
        "ilce": "Odunpazarı",
        "tur": "vejetaryen",
        "adres": "Akcami, Özlemli Sk. No:10, Odunpazarı/Eskişehir",
        "telefon": "+90 533 203 20 60",
        "not": "Vejetaryen burger dükkanı",
        "id": "v0034",
        "kaynak": "Google Places",
        "eklenme": "2026-07-24"
      }
    },
    {
      "type": "Feature",
      "geometry": {
        "type": "Point",
        "coordinates": [
          30.5062065,
          39.7782716
        ]
      },
      "properties": {
        "ad": "Onion Cafe & Food",
        "il": "Eskişehir",
        "ilce": "Tepebaşı",
        "tur": "vegan dostu",
        "adres": "Hoşnudiye, Sağın Sk. No:65/A, Tepebaşı/Eskişehir",
        "telefon": "+90 554 825 42 22",
        "not": "Sürdürülebilir/plastiksiz mutfak, vegan sandviç ve bowl",
        "id": "v0035",
        "kaynak": "Google Places",
        "eklenme": "2026-07-24",
        "web": "https://www.instagram.com/onioneskisehir/"
      }
    },
    {
      "type": "Feature",
      "geometry": {
        "type": "Point",
        "coordinates": [
          35.3303468227387,
          36.9922102216702
        ]
      },
      "properties": {
        "ad": "HARMAN REŞATBEY",
        "il": "Adana",
        "ilce": "Seyhan",
        "tur": "vegan dostu",
        "adres": "Reşatbey, 62008. Sk. No:10/A, Seyhan/Adana",
        "telefon": "+90 533 551 92 82",
        "not": "Ev yemekleri lokantası, çok sayıda vejetaryen seçenek",
        "id": "v0036",
        "kaynak": "Google Places",
        "eklenme": "2026-07-24",
        "web": null,
        "duzenlenme": "2026-07-26"
      }
    },
    {
      "type": "Feature",
      "geometry": {
        "type": "Point",
        "coordinates": [
          35.3294777870178,
          37.0005991107345
        ]
      },
      "properties": {
        "ad": "Padme Cafe",
        "il": "Adana",
        "ilce": "Seyhan",
        "tur": "vegan dostu",
        "adres": "Cemalpaşa, Ömür Apartmanı C Blok Zemin Kat No:20/B, Seyhan/Adana",
        "telefon": "+90 532 488 30 66",
        "not": "Yoga temalı sağlıklı kafe, bowl ve atıştırmalıklar",
        "id": "v0037",
        "kaynak": "Google Places",
        "eklenme": "2026-07-24",
        "web": "https://www.instagram.com/padme_cafe/",
        "duzenlenme": "2026-07-26"
      }
    },
    {
      "type": "Feature",
      "geometry": {
        "type": "Point",
        "coordinates": [
          35.3238471,
          37.0027542
        ]
      },
      "properties": {
        "ad": "The Lux Restaurant&Cocktail",
        "il": "Adana",
        "ilce": "Seyhan",
        "tur": "vegan dostu",
        "adres": "Toros Caddesi, Cemalpaşa, 63006. Sk. No:11, Seyhan/Adana",
        "telefon": null,
        "not": "Vegan sushi seçeneği sunan kokteyl restoranı",
        "id": "v0038",
        "kaynak": "Google Places",
        "eklenme": "2026-07-24",
        "web": "https://theluxrestaurant.com.tr/"
      }
    },
    {
      "type": "Feature",
      "geometry": {
        "type": "Point",
        "coordinates": [
          35.2740472555161,
          36.9994423730732
        ]
      },
      "properties": {
        "ad": "Komagene Fevzipaşa",
        "il": "Adana",
        "ilce": "Seyhan",
        "tur": "vejetaryen",
        "adres": "Fevzipaşa, Vefa Cad. NO:135, Seyhan/Adana",
        "telefon": "+90 505 222 65 00",
        "not": "Bulgur bazlı çiğköfte zinciri, et içermez",
        "id": "v0039",
        "kaynak": "Google Places",
        "eklenme": "2026-07-24",
        "web": "https://www.komagene.com.tr/",
        "duzenlenme": "2026-07-26"
      }
    },
    {
      "type": "Feature",
      "geometry": {
        "type": "Point",
        "coordinates": [
          32.5212693214417,
          38.0102556113549
        ]
      },
      "properties": {
        "ad": "Pizza Pellini",
        "il": "Konya",
        "ilce": "Selçuklu",
        "tur": "vegan dostu",
        "adres": "Bosna Hersek Mahallesi Osmanlı Cad. Kıvılcım Bulvarı AVM No: 1R, Selçuklu/Konya",
        "telefon": "+90 542 143 43 43",
        "not": "İtalyan pizzacı, vejetaryen/vegan seçenekler mevcut",
        "id": "v0040",
        "kaynak": "Google Places",
        "eklenme": "2026-07-24",
        "web": "https://www.pizzapellini.com/tr",
        "duzenlenme": "2026-07-26"
      }
    },
    {
      "type": "Feature",
      "geometry": {
        "type": "Point",
        "coordinates": [
          35.4854911565781,
          38.715870362732
        ]
      },
      "properties": {
        "ad": "The Hunger Kayseri",
        "il": "Kayseri",
        "ilce": "Melikgazi",
        "tur": "vegan dostu",
        "adres": "Tacettin Veli, Bayram Sk. No: 12, Melikgazi/Kayseri",
        "telefon": "+90 352 333 69 99",
        "not": "Vegan burger, falafel bowl, vegan salata seçenekleri",
        "id": "v0041",
        "kaynak": "Google Places",
        "eklenme": "2026-07-24",
        "web": "https://www.instagram.com/thehunger/",
        "duzenlenme": "2026-07-26"
      }
    },
    {
      "type": "Feature",
      "geometry": {
        "type": "Point",
        "coordinates": [
          35.5442261695862,
          38.6876369291494
        ]
      },
      "properties": {
        "ad": "SeRa Bowl&Salata",
        "il": "Kayseri",
        "ilce": "Talas",
        "tur": "vegan dostu",
        "adres": "Bahçelievler, Mevlana Cd. No: 32E, Talas/Kayseri",
        "telefon": "+90 552 841 03 84",
        "not": "Sağlıklı bowl ve salata konsepti",
        "id": "v0042",
        "kaynak": "Google Places",
        "eklenme": "2026-07-24",
        "web": null,
        "duzenlenme": "2026-07-26"
      }
    },
    {
      "type": "Feature",
      "geometry": {
        "type": "Point",
        "coordinates": [
          34.5916119,
          36.7843245
        ]
      },
      "properties": {
        "ad": "le cafe de chat noir",
        "il": "Mersin",
        "ilce": "Yenişehir",
        "tur": "vegan",
        "adres": "Güvenevler, 1904. Sk., Yenişehir/Mersin",
        "telefon": null,
        "not": "Mersin'in tek tam vegan kafesi (yorumlara göre), kedi dostu mekan",
        "id": "v0043",
        "kaynak": "Google Places",
        "eklenme": "2026-07-24",
        "web": "https://www.facebook.com/karakedikafe/"
      }
    },
    {
      "type": "Feature",
      "geometry": {
        "type": "Point",
        "coordinates": [
          39.7268065810204,
          41.004605394068
        ]
      },
      "properties": {
        "ad": "Kalender Lokanta ve Kafe",
        "il": "Trabzon",
        "ilce": "Ortahisar",
        "tur": "vegan dostu",
        "adres": "Cumhuriyet, Şehit Onur Fikret Dülger Cad No:14, Ortahisar/Trabzon",
        "telefon": "+90 462 323 10 11",
        "not": "Geniş vejetaryen seçenekli lokanta",
        "id": "v0044",
        "kaynak": "Google Places",
        "eklenme": "2026-07-24",
        "web": null,
        "duzenlenme": "2026-07-26"
      }
    },
    {
      "type": "Feature",
      "geometry": {
        "type": "Point",
        "coordinates": [
          27.1455028653145,
          38.438717946282
        ]
      },
      "properties": {
        "ad": "Tyke Vegan Kafe",
        "il": "İzmir",
        "ilce": "Konak",
        "tur": "vegan",
        "adres": "Alsancak, 1460. Sk. No:28, Konak/İzmir",
        "telefon": "+90 506 614 61 35",
        "not": "LGBTİ+ dostu tam vegan kafe, falafel ve vegmacun öne çıkıyor",
        "id": "v0045",
        "kaynak": "Google Places",
        "eklenme": "2026-07-24",
        "web": "https://www.instagram.com/tykevegankafe/",
        "duzenlenme": "2026-07-26"
      }
    },
    {
      "type": "Feature",
      "geometry": {
        "type": "Point",
        "coordinates": [
          40.1622473,
          37.9575899
        ]
      },
      "properties": {
        "ad": "Gabo Kitchen",
        "il": "Diyarbakır",
        "ilce": "Kayapınar",
        "tur": "vegan",
        "adres": "Medya Mah. Yılsa Hakan Sitesi No:19BE, Kayapınar/Diyarbakır",
        "telefon": "+90 537 663 90 77",
        "not": "Anadolu'nun en büyük tam vegan mekanlarından, geniş menü",
        "id": "v0046",
        "kaynak": "Google Places, HappyCow",
        "eklenme": "2026-07-24"
      }
    },
    {
      "type": "Feature",
      "geometry": {
        "type": "Point",
        "coordinates": [
          35.3215599060059,
          37.0017386943327
        ]
      },
      "properties": {
        "ad": "Differently Cafe & Kitchen",
        "il": "Adana",
        "ilce": "Seyhan",
        "tur": "vegan",
        "adres": "Kurtuluş Mah. Ziyapaşa Blv. Özmucur Apt. altı 14/B, Seyhan/Adana",
        "telefon": "+90 541 334 31 68",
        "not": "Adana'nın tam vegan kafelerinden, bowl ve tatlı çeşitleri var",
        "id": "v0050",
        "kaynak": "Google Places",
        "eklenme": "2026-07-24",
        "web": null,
        "duzenlenme": "2026-07-26"
      }
    },
    {
      "type": "Feature",
      "geometry": {
        "type": "Point",
        "coordinates": [
          28.982115983963,
          40.2203548279611
        ]
      },
      "properties": {
        "ad": "Vegan Kantin",
        "il": "Bursa",
        "ilce": "Nilüfer",
        "tur": "vegan",
        "adres": "İhsaniye Mah. Kanuni Cd. Görkem Sitesi No:35/C/A, Nilüfer/Bursa",
        "telefon": "+90 224 246 44 54",
        "not": "Bursa'nın tam vegan mekanlarından, köfte ve falafel dürüm",
        "id": "v0051",
        "kaynak": "Google Places",
        "eklenme": "2026-07-24",
        "web": "https://www.instagram.com/vegankantin/",
        "duzenlenme": "2026-07-26"
      }
    },
    {
      "type": "Feature",
      "geometry": {
        "type": "Point",
        "coordinates": [
          28.9844977855682,
          40.2019363007259
        ]
      },
      "properties": {
        "ad": "Good Call Cafe",
        "il": "Bursa",
        "ilce": "Nilüfer",
        "tur": "vegan",
        "adres": "Çamlıca Mh Ahmet Taner Kışlalı Cd Yerliyurt Apt no: 97 2A Nilüfer Bursa, Bursa, Turkey",
        "telefon": null,
        "not": "Tam vegan kafe, kurabiye ve vegan peynirli ürünler",
        "id": "v0052",
        "kaynak": "Google Places",
        "eklenme": "2026-07-24",
        "web": "https://www.facebook.com/goodcallcafe/",
        "duzenlenme": "2026-07-26"
      }
    },
    {
      "type": "Feature",
      "geometry": {
        "type": "Point",
        "coordinates": [
          29.0546214580536,
          37.7482202272651
        ]
      },
      "properties": {
        "ad": "Theno Foods",
        "il": "Denizli",
        "ilce": "Merkezefendi",
        "tur": "vegan dostu",
        "adres": "Gerzele, Hakkı Derekoylü Cd. No:18 BA, Merkezefendi/Denizli",
        "telefon": "+90 530 484 95 20",
        "not": "Vegan, glutensiz ve şekersiz ürünler satan kafe/market",
        "id": "v0053",
        "kaynak": "Google Places",
        "eklenme": "2026-07-24",
        "web": "https://thenofoods.com/",
        "duzenlenme": "2026-07-26"
      }
    },
    {
      "type": "Feature",
      "geometry": {
        "type": "Point",
        "coordinates": [
          30.3602215647697,
          40.7650206405696
        ]
      },
      "properties": {
        "ad": "Nohut Falafel",
        "il": "Sakarya",
        "ilce": "Serdivan",
        "tur": "vegan",
        "adres": "Kemalpaşa, Yeni Cd. No:4/B, Serdivan/Sakarya",
        "telefon": "+90 541 384 33 14",
        "not": "Tam vegan falafel ve nohut bazlı yemekler sunan mekan",
        "id": "v0054",
        "kaynak": "Google Places",
        "eklenme": "2026-07-24",
        "web": "https://www.instagram.com/nohutfalafel/",
        "duzenlenme": "2026-07-26"
      }
    },
    {
      "type": "Feature",
      "geometry": {
        "type": "Point",
        "coordinates": [
          29.6386916,
          36.2003119
        ]
      },
      "properties": {
        "ad": "Refresh Vegan Kitchen",
        "il": "Antalya",
        "ilce": "Kaş",
        "tur": "vegan",
        "adres": "Andifli, Öztürk Sk. No:13/B, Kaş/Antalya",
        "telefon": "+90 544 511 82 19",
        "not": "Türk mutfağının vegan yorumları (İskender, döner), samimi ev ortamı",
        "id": "v0055",
        "kaynak": "Google Places",
        "eklenme": "2026-07-24",
        "web": "https://www.instagram.com/refreshvegankitchen/"
      }
    },
    {
      "type": "Feature",
      "geometry": {
        "type": "Point",
        "coordinates": [
          29.6550446748734,
          36.199345521153
        ]
      },
      "properties": {
        "ad": "Lifeboxtr",
        "il": "Antalya",
        "ilce": "Kaş",
        "tur": "vegan",
        "adres": "Andifli, Eski Antalya Cd., Kaş/Antalya",
        "telefon": "+90 542 250 31 89",
        "not": "Glutensiz, vegan, şekersiz ev yapımı yemekler; kendi tofusunu üretiyor",
        "id": "v0056",
        "kaynak": "Google Places",
        "eklenme": "2026-07-24",
        "web": "https://lifeboxtr.com/",
        "duzenlenme": "2026-07-26"
      }
    },
    {
      "type": "Feature",
      "geometry": {
        "type": "Point",
        "coordinates": [
          29.6385221,
          36.201066
        ]
      },
      "properties": {
        "ad": "Kaş Gurme Falafel",
        "il": "Antalya",
        "ilce": "Kaş",
        "tur": "vegan dostu",
        "adres": "Andifli, 2. Sk. No:3/A, Kaş/Antalya",
        "telefon": "+90 534 421 64 04",
        "not": "Falafel, humus ve taze salata odaklı, tamamı bitkisel bazlı",
        "id": "v0057",
        "kaynak": "Google Places",
        "eklenme": "2026-07-24",
        "web": "https://www.instagram.com/kas_gurme_falafel/"
      }
    },
    {
      "type": "Feature",
      "geometry": {
        "type": "Point",
        "coordinates": [
          31.9978094100952,
          36.5394672837608
        ]
      },
      "properties": {
        "ad": "Tyche Vegan Restaurant",
        "il": "Antalya",
        "ilce": "Alanya",
        "tur": "vegan",
        "adres": "Çarşı, İskele Cd. 58A, Alanya/Antalya",
        "telefon": "+90 553 811 86 74",
        "not": "Tam vegan restoran, vegan burger ve borscht öne çıkıyor, kedi dostu",
        "id": "v0058",
        "kaynak": "Google Places",
        "eklenme": "2026-07-24",
        "web": "https://www.instagram.com/tyche_vegan_re/",
        "duzenlenme": "2026-07-26"
      }
    },
    {
      "type": "Feature",
      "geometry": {
        "type": "Point",
        "coordinates": [
          29.1146332025528,
          36.6205803004789
        ]
      },
      "properties": {
        "ad": "Eski Ev Pub & Kitchen",
        "il": "Muğla",
        "ilce": "Fethiye",
        "tur": "vegan",
        "adres": "Cumhuriyet, Çarşı Cd. Üstyol No:194, Fethiye/Muğla",
        "telefon": "+90 532 514 18 95",
        "not": "Tam vegan gastropub, lahmacun/menemen gibi Türk mutfağının vegan yorumu",
        "id": "v0059",
        "kaynak": "Google Places",
        "eklenme": "2026-07-24",
        "web": null,
        "duzenlenme": "2026-07-26"
      }
    },
    {
      "type": "Feature",
      "geometry": {
        "type": "Point",
        "coordinates": [
          29.1143703460693,
          36.6616072437299
        ]
      },
      "properties": {
        "ad": "Lu Bistro",
        "il": "Muğla",
        "ilce": "Fethiye",
        "tur": "vegan dostu",
        "adres": "Çalış, Foça, Barış Manço Blv. No:95, Fethiye/Muğla",
        "telefon": "+90 555 862 26 59",
        "not": "Vegan burger seçenekli bistro, sebze/baklagil bazlı köfte",
        "id": "v0060",
        "kaynak": "Google Places",
        "eklenme": "2026-07-24",
        "web": null,
        "duzenlenme": "2026-07-26"
      }
    },
    {
      "type": "Feature",
      "geometry": {
        "type": "Point",
        "coordinates": [
          34.8227939,
          38.6415794
        ]
      },
      "properties": {
        "ad": "Köşebaşı Kapadokya",
        "il": "Nevşehir",
        "ilce": "Nevşehir Merkez (Göreme)",
        "tur": "vegan dostu",
        "adres": "Karşıbucak Cd., Aydınlı-Orta, Göreme/Nevşehir",
        "telefon": "+90 549 132 50 00",
        "not": "Kebap restoranı, soya bazlı vegan kebap seçenekleri mevcut",
        "id": "v0061",
        "kaynak": "Google Places",
        "eklenme": "2026-07-24",
        "web": null,
        "duzenlenme": "2026-07-26"
      }
    },
    {
      "type": "Feature",
      "geometry": {
        "type": "Point",
        "coordinates": [
          27.8447681665421,
          37.8408177140349
        ]
      },
      "properties": {
        "ad": "Efeler Belediyesi Glutensiz ve Vegan Cafe",
        "il": "Aydın",
        "ilce": "Efeler",
        "tur": "vegan",
        "adres": "Kurtuluş, Adnan Menderes Blv. No:72, Menderes Park, Efeler/Aydın",
        "telefon": "+90 501 035 67 10",
        "not": "Belediye tarafından işletilen Türkiye'nin ilk glutensiz+vegan kafelerinden",
        "id": "v0062",
        "kaynak": "Google Places",
        "eklenme": "2026-07-24",
        "web": null,
        "duzenlenme": "2026-07-26"
      }
    },
    {
      "type": "Feature",
      "geometry": {
        "type": "Point",
        "coordinates": [
          36.8326339,
          37.5901354
        ]
      },
      "properties": {
        "ad": "Minori İtalyan Mutfak",
        "il": "Kahramanmaraş",
        "ilce": "Onikişubat",
        "tur": "vegan dostu",
        "adres": "Üngüt, 71069. Sokak No:1/C, Onikişubat/Kahramanmaraş",
        "telefon": null,
        "not": "Kahramanmaraş'ta vegan pizza yapan tek mekan (yorumlara göre)",
        "id": "v0063",
        "kaynak": "Google Places",
        "eklenme": "2026-07-24"
      }
    },
    {
      "type": "Feature",
      "geometry": {
        "type": "Point",
        "coordinates": [
          41.276718378067,
          39.9042633189134
        ]
      },
      "properties": {
        "ad": "Adres Lokantası",
        "il": "Erzurum",
        "ilce": "Yakutiye",
        "tur": "vegan dostu",
        "adres": "Muratpaşa, Şerif Efendi Cd. No:28, Yakutiye/Erzurum",
        "telefon": "+90 442 233 36 56",
        "not": "Erzurum'da düzenli vejetaryen/vegan seçenek sunan nadir mekanlardan",
        "id": "v0064",
        "kaynak": "Google Places",
        "eklenme": "2026-07-24",
        "web": null,
        "duzenlenme": "2026-07-26"
      }
    },
    {
      "type": "Feature",
      "geometry": {
        "type": "Point",
        "coordinates": [
          42.1675336360932,
          38.4801925620799
        ]
      },
      "properties": {
        "ad": "Bitlis Sofrası",
        "il": "Bitlis",
        "ilce": "Bitlis Merkez",
        "tur": "vegan dostu",
        "adres": "Beş Minare, Ahmet Eren Blv. No:353/B, Bitlis Merkez/Bitlis",
        "telefon": "+90 507 129 13 13",
        "not": "Kadın kooperatifi işletmesi, yöresel vejetaryen yemekler sunuyor",
        "id": "v0065",
        "kaynak": "Google Places",
        "eklenme": "2026-07-24",
        "web": "https://www.instagram.com/bitlissofrasi/",
        "duzenlenme": "2026-07-26"
      }
    },
    {
      "type": "Feature",
      "geometry": {
        "type": "Point",
        "coordinates": [
          43.0960822105408,
          40.6055468949208
        ]
      },
      "properties": {
        "ad": "Çiğköftem Atatürk Cad.",
        "il": "Kars",
        "ilce": "Kars Merkez",
        "tur": "vegan dostu",
        "adres": "Ortakapı, Atatürk Cd. No:66B, Kars Merkez/Kars",
        "telefon": "+90 501 657 69 02",
        "not": "Vegan çiğköfte ve falafel seçenekleri sunan mekan",
        "id": "v0066",
        "kaynak": "Google Places",
        "eklenme": "2026-07-24",
        "web": "https://cigkoftem.com/",
        "duzenlenme": "2026-07-26"
      }
    },
    {
      "type": "Feature",
      "geometry": {
        "type": "Point",
        "coordinates": [
          37.3726424574852,
          37.0608729013927
        ]
      },
      "properties": {
        "ad": "Mutfakna",
        "il": "Gaziantep",
        "ilce": "Şahinbey",
        "tur": "vegan",
        "adres": "Akyol, Akyol Cd. No:34B, Şahinbey/Gaziantep",
        "telefon": "+90 553 160 30 36",
        "not": "Yerel, sürdürülebilir dayanışma mutfağı; vegan/vejetaryen odaklı günlük değişen menü",
        "id": "v0067",
        "kaynak": "Google Places",
        "eklenme": "2026-07-24",
        "web": "https://mutfakna.org/",
        "duzenlenme": "2026-07-26"
      }
    },
    {
      "type": "Feature",
      "geometry": {
        "type": "Point",
        "coordinates": [
          34.8089361190796,
          39.8231883373159
        ]
      },
      "properties": {
        "ad": "Has Bahçe Glutensiz ve Vegan Cafe (Yozgat Belediyesi)",
        "il": "Yozgat",
        "ilce": "Yozgat Merkez",
        "tur": "vegan dostu",
        "adres": "Aşağınohutlu, Sakarya Cd. No:8, Yozgat Merkez/Yozgat",
        "telefon": "+90 501 035 67 10",
        "not": "Belediye işletmesi, glutensiz ve vegan ürünler sunuyor",
        "id": "v0068",
        "kaynak": "Google Places",
        "eklenme": "2026-07-24",
        "web": null,
        "duzenlenme": "2026-07-26"
      }
    },
    {
      "type": "Feature",
      "geometry": {
        "type": "Point",
        "coordinates": [
          29.4039791,
          38.6779566
        ]
      },
      "properties": {
        "ad": "Keyif Sanat Kahvesi",
        "il": "Uşak",
        "ilce": "Uşak Merkez",
        "tur": "vegan",
        "adres": "Kurtuluş Mh. 1 Eylül Cd. Çelebi Pasajı 41/3, Merkez/Uşak",
        "telefon": "+90 541 664 47 64",
        "not": "Vegan sandviç, wrap, makarna ve ev yapımı limonata sunan çatı kat kafe",
        "id": "v0069",
        "kaynak": "Google Places",
        "eklenme": "2026-07-24",
        "web": "https://www.facebook.com/p/Keyif-Sanat-Kahvesi-100046372667602/"
      }
    },
    {
      "type": "Feature",
      "geometry": {
        "type": "Point",
        "coordinates": [
          37.1379137,
          36.714119
        ]
      },
      "properties": {
        "ad": "Matam Al-Dumlakhi (مطعم الدملخي)",
        "il": "Kilis",
        "ilce": "Kilis Merkez",
        "tur": "vegan",
        "adres": "Albay İbrahim Karaoğlanoğlu, Kaşgarlı Mahmut Sk. No:32, Kilis Merkez/Kilis",
        "telefon": "+90 535 880 44 04",
        "not": "Google Places tarafından vegan/vejetaryen restoran olarak etiketlenmiş",
        "id": "v0070",
        "kaynak": "Google Places",
        "eklenme": "2026-07-24",
        "web": null,
        "duzenlenme": "2026-07-26"
      }
    },
    {
      "type": "Feature",
      "geometry": {
        "type": "Point",
        "coordinates": [
          35.157778,
          42.0213343
        ]
      },
      "properties": {
        "ad": "Marks Coffee & Crafts",
        "il": "Sinop",
        "ilce": "Sinop Merkez",
        "tur": "vegan dostu",
        "adres": "Yeni, Anasu Sk. 6A, Sinop Merkez/Sinop",
        "telefon": "+90 534 848 12 46",
        "not": "Ev yapımı ürünler ve bazı vegan seçenekler sunan butik kafe",
        "id": "v0071",
        "kaynak": "Google Places",
        "eklenme": "2026-07-24",
        "web": "https://www.instagram.com/markscoffeeandcrafts/",
        "duzenlenme": "2026-07-26"
      }
    },
    {
      "type": "Feature",
      "geometry": {
        "type": "Point",
        "coordinates": [
          36.3040745258331,
          41.3257471661537
        ]
      },
      "properties": {
        "ad": "Glutensiz Vegan Mutfak",
        "il": "Samsun",
        "ilce": "Atakum",
        "tur": "vegan",
        "adres": "Denizevleri, Atatürk Bl. No:36, Atakum/Samsun",
        "telefon": "+90 530 638 03 33",
        "not": "Glutensiz ve şekersiz vegan ürünler üreten butik mutfak",
        "id": "v0072",
        "kaynak": "Google Places",
        "eklenme": "2026-07-24",
        "web": "https://www.instagram.com/glutensizveganmutfak/",
        "duzenlenme": "2026-07-26"
      }
    },
    {
      "type": "Feature",
      "geometry": {
        "type": "Point",
        "coordinates": [
          29.978382,
          40.773323
        ]
      },
      "properties": {
        "ad": "Bet.Y Cafe",
        "il": "Kocaeli",
        "ilce": "İzmit",
        "tur": "vegan dostu",
        "adres": "Alikahya Fatih, Fener Sk. No:26, İzmit/Kocaeli",
        "telefon": "+90 541 338 62 84",
        "not": "Glutensiz/şekersiz kafe, bitkisel süt ile vegan alternatifler mevcut",
        "id": "v0073",
        "kaynak": "Google Places",
        "eklenme": "2026-07-24"
      }
    },
    {
      "type": "Feature",
      "geometry": {
        "type": "Point",
        "coordinates": [
          27.8963577747345,
          39.6183629770271
        ]
      },
      "properties": {
        "ad": "Aysu Bakery | Glutensiz Mutfak",
        "il": "Balıkesir",
        "ilce": "Altıeylül",
        "tur": "vegan dostu",
        "adres": "Plevne, 12085 Sk. No:40, Altıeylül/Balıkesir",
        "telefon": "+90 534 671 35 03",
        "not": "Glutensiz pastane, vegan pasta seçenekleri de sunuyor",
        "id": "v0074",
        "kaynak": "Google Places",
        "eklenme": "2026-07-24",
        "web": null,
        "duzenlenme": "2026-07-26"
      }
    },
    {
      "type": "Feature",
      "geometry": {
        "type": "Point",
        "coordinates": [
          29.030012190342,
          40.9879567035062
        ]
      },
      "properties": {
        "ad": "Veganarsist (Kadıköy)",
        "il": "İstanbul",
        "ilce": "Kadıköy",
        "tur": "vegan",
        "adres": "Osmanağa, Canan Sk. 20/A, Kadıköy/İstanbul",
        "telefon": "+90 216 418 78 53",
        "not": "Geleneksel Türk mutfağının vegan yorumları, kendi kaju ayranını üretiyor",
        "id": "v0075",
        "kaynak": "Google Places",
        "eklenme": "2026-07-24",
        "web": "https://veganarsist.com/",
        "duzenlenme": "2026-07-26"
      }
    },
    {
      "type": "Feature",
      "geometry": {
        "type": "Point",
        "coordinates": [
          28.9463165402412,
          41.0337142981493
        ]
      },
      "properties": {
        "ad": "Veganarsist (Balat)",
        "il": "İstanbul",
        "ilce": "Fatih",
        "tur": "vegan",
        "adres": "Ayvansaray, Leblebiciler Sk. No:18, Fatih/İstanbul",
        "telefon": "+90 212 999 56 20",
        "not": "Tam vegan restoran, geniş menü (mantı, lahmacun, tatlılar), Balat manzaralı teras",
        "id": "v0076",
        "kaynak": "Google Places",
        "eklenme": "2026-07-24",
        "web": "https://veganarsistbalat.com/",
        "duzenlenme": "2026-07-26"
      }
    },
    {
      "type": "Feature",
      "geometry": {
        "type": "Point",
        "coordinates": [
          29.042261838913,
          41.0274176335817
        ]
      },
      "properties": {
        "ad": "Telezzüz",
        "il": "İstanbul",
        "ilce": "Üsküdar",
        "tur": "vegan",
        "adres": "Koç Group Sports Club, Kuzguncuk, Kuşbakışı Cd. No:16, Üsküdar/İstanbul",
        "telefon": "+90 216 576 76 71",
        "not": "Vegan fine-dining, tadım menüsü ve şarap eşleştirmesi, koru içinde konumlu",
        "id": "v0077",
        "kaynak": "Google Places, HappyCow",
        "eklenme": "2026-07-24",
        "web": "https://www.telezzuz.com/en/",
        "duzenlenme": "2026-07-26"
      }
    },
    {
      "type": "Feature",
      "geometry": {
        "type": "Point",
        "coordinates": [
          29.00300770998,
          41.0438439466906
        ]
      },
      "properties": {
        "ad": "The Vegan Regime",
        "il": "İstanbul",
        "ilce": "Beşiktaş",
        "tur": "vegan",
        "adres": "Sinanpaşa, Şair Veysi Sk. No:9 D:11A, Beşiktaş/İstanbul",
        "telefon": "+90 538 652 92 01",
        "not": "Vegan burger, iskender ve wrap çeşitleri, glutensiz seçenekler mevcut",
        "id": "v0078",
        "kaynak": "Google Places",
        "eklenme": "2026-07-24",
        "web": "https://www.veganfoodcartel.com/",
        "duzenlenme": "2026-07-26"
      }
    },
    {
      "type": "Feature",
      "geometry": {
        "type": "Point",
        "coordinates": [
          28.8341116905212,
          40.9903295607747
        ]
      },
      "properties": {
        "ad": "Tatlı Fırın (Ataköy)",
        "il": "İstanbul",
        "ilce": "Bakırköy",
        "tur": "vegan",
        "adres": "Ataköy 7-8-9-10. Kısım, Ayamama Sok., Bakırköy/İstanbul",
        "telefon": "+90 212 801 38 38",
        "not": "Glutensiz, şekersiz ve vegan pastane/fırın; lahmacun ve pizza gibi vegan atıştırmalıklar da sunuyor",
        "id": "v0079",
        "kaynak": "Google Places",
        "eklenme": "2026-07-24",
        "web": "https://www.tatlifirin.com/",
        "duzenlenme": "2026-07-26"
      }
    },
    {
      "type": "Feature",
      "geometry": {
        "type": "Point",
        "coordinates": [
          32.6935583353043,
          41.2442217672322
        ]
      },
      "properties": {
        "ad": "Safranbolu Zencefil Yöresel Lezzetler",
        "il": "Karabük",
        "ilce": "Safranbolu",
        "tur": "vegan dostu",
        "adres": "Musalla, Safranbolu/Karabük",
        "telefon": "+90 541 194 98 33",
        "not": "Yöresel ev yemekleri lokantası, vegan/vejetaryen seçenekler de sunuyor",
        "id": "v0080",
        "kaynak": "Google Places",
        "eklenme": "2026-07-24",
        "web": null,
        "duzenlenme": "2026-07-26"
      }
    },
    {
      "type": "Feature",
      "geometry": {
        "type": "Point",
        "coordinates": [
          28.9988341927528,
          41.0670632195947
        ]
      },
      "properties": {
        "ad": "Govinda Istanbul",
        "il": "İstanbul",
        "ilce": "Şişli",
        "tur": "vegan dostu",
        "adres": "Mecidiyeköy Mahallesi, Büyükdere Caddesi, Naci Kasım Sokak No:6B (Goranga Yoga içerisinde), Şişli/İstanbul",
        "telefon": "+90 212 234 36 33",
        "not": "ISKCON tarafından işletilen vejetaryen/vegan Hint mutfağı",
        "id": "v0081",
        "kaynak": "Google Places",
        "eklenme": "2026-07-24",
        "web": "https://govindaistanbul.net/",
        "duzenlenme": "2026-07-26"
      }
    },
    {
      "type": "Feature",
      "geometry": {
        "type": "Point",
        "coordinates": [
          28.9849591255188,
          41.062183402895
        ]
      },
      "properties": {
        "ad": "Veganİstasyon",
        "il": "İstanbul",
        "ilce": "Şişli",
        "tur": "vegan",
        "adres": "Merkez, İskenderoğlu Sk. No:30B, Şişli/İstanbul",
        "telefon": "+90 850 241 96 90",
        "not": "Vegan ürünler satan market (tofu, bitkisel süt, kozmetik vb.); web sitesi (veganistasyon.com) üzerinden Türkiye'nin her yerine soğuk zincir kargo ile gönderim yapıyor.",
        "id": "v0082",
        "kaynak": "Google Places",
        "eklenme": "2026-07-24",
        "web": "https://veganistasyon.com/",
        "duzenlenme": "2026-09-01",
        "kanal": "hem fiziksel hem online"
      }
    },
    {
      "type": "Feature",
      "geometry": {
        "type": "Point",
        "coordinates": [
          29.0264475345612,
          40.9905684614678
        ]
      },
      "properties": {
        "ad": "PlantBased Egyptian Food, Gluten free",
        "il": "İstanbul",
        "ilce": "Kadıköy",
        "tur": "vegan",
        "adres": "Osmanağa, Pavlonya Sk. No:9, Kadıköy/İstanbul",
        "telefon": "+90 533 422 92 43",
        "not": "Mısır mutfağının bitkisel bazlı ve glutensiz yorumu",
        "id": "v0083",
        "kaynak": "Google Places, HappyCow",
        "eklenme": "2026-07-24",
        "web": "https://www.instagram.com/kem.kum.egyptian.eatery/",
        "duzenlenme": "2026-07-26"
      }
    },
    {
      "type": "Feature",
      "geometry": {
        "type": "Point",
        "coordinates": [
          29.0250448,
          40.9884285
        ]
      },
      "properties": {
        "ad": "Rulo Ezberbozan Lezzetler",
        "il": "İstanbul",
        "ilce": "Kadıköy",
        "tur": "vejetaryen",
        "adres": "Caferağa, Nail Bey Sk. No:15, Kadıköy/İstanbul",
        "telefon": "+90 507 500 45 47",
        "not": "Falafel ve çok sayıda yan yemek seçenekli uygun fiyatlı vejetaryen lokanta",
        "id": "v0084",
        "kaynak": "Google Places",
        "eklenme": "2026-07-24",
        "web": "https://www.instagram.com/rulolezzetler/"
      }
    },
    {
      "type": "Feature",
      "geometry": {
        "type": "Point",
        "coordinates": [
          29.0269008278847,
          40.988956877305
        ]
      },
      "properties": {
        "ad": "NOHUT Falafel & Humus Restorant",
        "il": "İstanbul",
        "ilce": "Kadıköy",
        "tur": "vegan",
        "adres": "Osmanağa, Sakız Sk. No:22C, Kadıköy/İstanbul",
        "telefon": "+90 505 269 15 14",
        "not": "Falafel ve humus çeşitleri sunan vegan/vejetaryen mekan",
        "id": "v0085",
        "kaynak": "Google Places",
        "eklenme": "2026-07-24",
        "web": "https://www.instagram.com/nohut.falafel.humus/",
        "duzenlenme": "2026-07-26"
      }
    },
    {
      "type": "Feature",
      "geometry": {
        "type": "Point",
        "coordinates": [
          29.0274801850319,
          40.9944818555183
        ]
      },
      "properties": {
        "ad": "Vega Vegan Büfe",
        "il": "İstanbul",
        "ilce": "Kadıköy",
        "tur": "vegan",
        "adres": "Rasimpaşa, İzzettin Sk. No:44/A, Kadıköy/İstanbul",
        "telefon": null,
        "not": "Veganlaştırılmış Türk sokak lezzetleri (köfte, ayran)",
        "id": "v0086",
        "kaynak": "Google Places",
        "eklenme": "2026-07-24",
        "web": "https://www.instagram.com/vegaveganbufe/",
        "duzenlenme": "2026-07-26"
      }
    },
    {
      "type": "Feature",
      "geometry": {
        "type": "Point",
        "coordinates": [
          28.9763527,
          41.0278814
        ]
      },
      "properties": {
        "ad": "Community Kitchen",
        "il": "İstanbul",
        "ilce": "Beyoğlu",
        "tur": "vegan",
        "adres": "Hacımimi, Serdar-ı Ekrem Cd. No:38/A, Beyoğlu/İstanbul",
        "telefon": "+90 538 503 27 36",
        "not": "Ev yapımı vegan mantı, kebap ve ravioli sunan küçük mekan",
        "id": "v0087",
        "kaynak": "Google Places",
        "eklenme": "2026-07-24",
        "web": "https://www.instagram.com/community_kitchen/"
      }
    },
    {
      "type": "Feature",
      "geometry": {
        "type": "Point",
        "coordinates": [
          28.9813461899757,
          41.0329454575031
        ]
      },
      "properties": {
        "ad": "No 19 Dining",
        "il": "İstanbul",
        "ilce": "Beyoğlu",
        "tur": "vegan dostu",
        "adres": "Kuloğlu, Faik Paşa Cd. No:6, Beyoğlu/İstanbul",
        "telefon": "+90 542 541 74 48",
        "not": "Ev yapımı Türk mutfağı, geniş vejetaryen/vegan seçenekli",
        "id": "v0088",
        "kaynak": "Google Places",
        "eklenme": "2026-07-24",
        "web": "https://no19.ist/",
        "duzenlenme": "2026-07-26"
      }
    },
    {
      "type": "Feature",
      "geometry": {
        "type": "Point",
        "coordinates": [
          28.9770224690437,
          41.0363950538497
        ]
      },
      "properties": {
        "ad": "The Himalayan Restaurant",
        "il": "İstanbul",
        "ilce": "Beyoğlu",
        "tur": "vegan dostu",
        "adres": "Kalyoncu Kulluğu, Kalyoncu Kulluğu Cd. 13A, Beyoğlu/İstanbul",
        "telefon": "+90 536 569 02 82",
        "not": "Nepal/Hint mutfağı, geniş vejetaryen ve vegan seçenekler",
        "id": "v0089",
        "kaynak": "Google Places",
        "eklenme": "2026-07-24",
        "web": "https://www.thehimalayanrestaurants.com.tr/",
        "duzenlenme": "2026-07-26"
      }
    },
    {
      "type": "Feature",
      "geometry": {
        "type": "Point",
        "coordinates": [
          32.7196481823921,
          39.8695865641994
        ]
      },
      "properties": {
        "ad": "VegVej Ankara Falafelcisi",
        "il": "Ankara",
        "ilce": "Çankaya",
        "tur": "vegan",
        "adres": "Çankaya, Nergis Sk. No:2, Çankaya/Ankara",
        "telefon": "+90 535 457 62 27",
        "not": "Falafel ve köfte çeşitleriyle tam vegan/vejetaryen mekan",
        "id": "v0090",
        "kaynak": "Google Places",
        "eklenme": "2026-07-24",
        "web": "https://www.instagram.com/vegvej_restorant/",
        "duzenlenme": "2026-07-26"
      }
    },
    {
      "type": "Feature",
      "geometry": {
        "type": "Point",
        "coordinates": [
          27.1462699770927,
          38.4378922865497
        ]
      },
      "properties": {
        "ad": "Zeus Vegkek Book Coffee",
        "il": "İzmir",
        "ilce": "Konak",
        "tur": "vegan",
        "adres": "Alsancak, 1462. Sk. No:49/A, Konak/İzmir",
        "telefon": "+90 554 136 69 41",
        "not": "Kitap temalı vegan kafe, ev yapımı lazanya ve tatlılar",
        "id": "v0091",
        "kaynak": "Google Places",
        "eklenme": "2026-07-24",
        "web": null,
        "duzenlenme": "2026-07-26"
      }
    },
    {
      "type": "Feature",
      "geometry": {
        "type": "Point",
        "coordinates": [
          30.8577954769135,
          36.8579566250382
        ]
      },
      "properties": {
        "ad": "Ch'i For Life",
        "il": "Antalya",
        "ilce": "Muratpaşa",
        "tur": "vegan",
        "adres": "Nirvana Cosmopolitan Hotel, Güzeloba, Yaşar Sobutay Bulvarı No:32, Muratpaşa/Antalya",
        "telefon": "+90 549 813 60 12",
        "not": "Otel içinde vegan fine-dining, seitan steak ve tofu poke bowl",
        "id": "v0092",
        "kaynak": "Google Places",
        "eklenme": "2026-07-24",
        "web": "https://www.instagram.com/chi__for__life/",
        "duzenlenme": "2026-07-26"
      }
    },
    {
      "type": "Feature",
      "geometry": {
        "type": "Point",
        "coordinates": [
          27.2202479839325,
          41.7336207525172
        ]
      },
      "properties": {
        "ad": "Green Chef Lezzet Dünyası",
        "il": "Kırklareli",
        "ilce": "Kırklareli Merkez",
        "tur": "vegan dostu",
        "adres": "Karakaş, Hasan Paşa Cd. No:28, Kırklareli Merkez/Kırklareli",
        "telefon": "+90 288 214 14 04",
        "not": "Zengin menülü lokanta; vegan, glutensiz ve sütsüz seçenekler mevcut",
        "id": "v0093",
        "kaynak": "Google Places",
        "eklenme": "2026-07-24",
        "web": null,
        "duzenlenme": "2026-07-26"
      }
    },
    {
      "type": "Feature",
      "geometry": {
        "type": "Point",
        "coordinates": [
          29.2562762,
          40.6435015
        ]
      },
      "properties": {
        "ad": "so bowl.",
        "il": "Yalova",
        "ilce": "Yalova Merkez",
        "tur": "vegan dostu",
        "adres": "Adnan Menderes, Ufuk Sk. No:22 A, Yalova Merkez/Yalova",
        "telefon": null,
        "not": "Sağlıklı bowl konsepti, vejetaryen ve sporcu menüleri mevcut",
        "id": "v0094",
        "kaynak": "Google Places",
        "eklenme": "2026-07-24"
      }
    },
    {
      "type": "Feature",
      "geometry": {
        "type": "Point",
        "coordinates": [
          29.055597782135,
          40.9899570359328
        ]
      },
      "properties": {
        "ad": "Ethique Patisserie & Boulangerie",
        "il": "İstanbul",
        "ilce": "Kadıköy",
        "tur": "vegan",
        "adres": "Fikirtepe, Volkan Sk. Pırlanta Sitesi B Blok 1/1D, Kadıköy/İstanbul",
        "telefon": "+90 535 445 95 66",
        "not": "Tamamen vegan Fransız pastanesi",
        "id": "v0095",
        "kaynak": "HappyCow",
        "eklenme": "2026-07-24",
        "web": "https://ethiqueplantbased.com/",
        "duzenlenme": "2026-07-26"
      }
    },
    {
      "type": "Feature",
      "geometry": {
        "type": "Point",
        "coordinates": [
          29.0280058979988,
          40.9936518223878
        ]
      },
      "properties": {
        "ad": "Ayrışım Kitabevi Kafe",
        "il": "İstanbul",
        "ilce": "Kadıköy",
        "tur": "vegan",
        "adres": "Rasimpaşa, Beydağı Sk. No:54/A, Kadıköy/İstanbul",
        "telefon": "+90 537 614 96 98",
        "not": "Kitapçı-kafe, tam vegan Türk kahvaltısı ve yemekleri",
        "id": "v0096",
        "kaynak": "HappyCow",
        "eklenme": "2026-07-24",
        "web": "https://www.instagram.com/ayrisimkitabevikafe/",
        "duzenlenme": "2026-07-26"
      }
    },
    {
      "type": "Feature",
      "geometry": {
        "type": "Point",
        "coordinates": [
          32.8571999073029,
          39.9152004839746
        ]
      },
      "properties": {
        "ad": "TünelVeganPub",
        "il": "Ankara",
        "ilce": "Çankaya",
        "tur": "vegan",
        "adres": "Meşrutiyet, Konur Sok. 59/4, Çankaya/Ankara",
        "telefon": "+90 530 921 81 27",
        "not": "Türkiye'nin en eski vegan pub'larından",
        "id": "v0097",
        "kaynak": "HappyCow",
        "eklenme": "2026-07-24",
        "web": "https://www.instagram.com/tunelveganpub/",
        "duzenlenme": "2026-07-26"
      }
    },
    {
      "type": "Feature",
      "geometry": {
        "type": "Point",
        "coordinates": [
          32.858844101429,
          39.9098123584759
        ]
      },
      "properties": {
        "ad": "KORELEE",
        "il": "Ankara",
        "ilce": "Çankaya",
        "tur": "vegan dostu",
        "adres": "Kavaklıdere, Bestekar Cd No:27/A, Çankaya/Ankara",
        "telefon": "+90 312 418 06 88",
        "not": "Kore mutfağı, vegan tteokbokki/kimbap/kimchi seçenekleri",
        "id": "v0098",
        "kaynak": "HappyCow",
        "eklenme": "2026-07-24",
        "web": "https://www.instagram.com/koreleetr/",
        "duzenlenme": "2026-07-26"
      }
    },
    {
      "type": "Feature",
      "geometry": {
        "type": "Point",
        "coordinates": [
          27.2137570381165,
          38.4608097650659
        ]
      },
      "properties": {
        "ad": "Cafe Eli Coffeehouse & Vegan Food",
        "il": "İzmir",
        "ilce": "Bornova",
        "tur": "vegan",
        "adres": "Kazımdirik, 160. Sk. No:15/C, Bornova/İzmir",
        "telefon": "+90 537 270 74 14",
        "not": "Tam vegan menü, gelir sokak hayvanları bakımına aktarılıyor",
        "id": "v0099",
        "kaynak": "HappyCow",
        "eklenme": "2026-07-24",
        "web": "https://www.facebook.com/elicoffeehousee/",
        "duzenlenme": "2026-07-26"
      }
    },
    {
      "type": "Feature",
      "geometry": {
        "type": "Point",
        "coordinates": [
          30.710743367672,
          36.8833837089254
        ]
      },
      "properties": {
        "ad": "Fatma Sultan Restaurant (Türk Mutfağı)",
        "il": "Antalya",
        "ilce": "Muratpaşa",
        "tur": "vegan dostu",
        "adres": "Haşimişcan, Arık Cd. No:20, Muratpaşa/Antalya",
        "telefon": "+90 530 254 16 80",
        "not": "Eski bir Türk evinde geleneksel mutfak; ayrı ve kapsamlı vegan menüsü",
        "id": "v0100",
        "kaynak": "HappyCow",
        "eklenme": "2026-07-24",
        "web": "https://www.fatmasultanrestaurant.com/en",
        "duzenlenme": "2026-07-26"
      }
    },
    {
      "type": "Feature",
      "geometry": {
        "type": "Point",
        "coordinates": [
          28.9796590805054,
          41.0293783240951
        ]
      },
      "properties": {
        "ad": "Wegain",
        "il": "İstanbul",
        "ilce": "Beyoğlu",
        "tur": "vegan",
        "adres": "Firuzağa, Boğazkesen Cd. 74/A, Beyoğlu/İstanbul",
        "telefon": "+90 539 611 21 18",
        "not": "Aile işletmesi tam vegan restoran; bezelye/mercimek proteinli döner",
        "id": "v0102",
        "kaynak": "HappyCow",
        "eklenme": "2026-07-24",
        "web": "https://wegainn.com/",
        "duzenlenme": "2026-07-26"
      }
    },
    {
      "type": "Feature",
      "geometry": {
        "type": "Point",
        "coordinates": [
          30.5075463,
          39.7635063
        ]
      },
      "properties": {
        "ad": "Vegan Pure Mutfak",
        "il": "Eskişehir",
        "ilce": "Odunpazarı",
        "tur": "vegan",
        "adres": "Akarbaşı, Emeksiz Sk. No:19/A, Odunpazarı/Eskişehir",
        "telefon": null,
        "not": "Tam vegan kafe; buddha bowl, veggy burger, kombucha ve cheesecake",
        "id": "v0103",
        "kaynak": "HappyCow",
        "eklenme": "2026-07-24"
      }
    },
    {
      "type": "Feature",
      "geometry": {
        "type": "Point",
        "coordinates": [
          29.6381172537804,
          36.1992502851051
        ]
      },
      "properties": {
        "ad": "Bunbun Kaş",
        "il": "Antalya",
        "ilce": "Kaş",
        "tur": "vegan dostu",
        "adres": "Andifli, Hastane Caddesi No: 22, Kaş/Antalya",
        "telefon": "+90 532 178 53 98",
        "not": "Bao/burger konsepti, geniş vegan ve vejetaryen seçenekler",
        "id": "v0104",
        "kaynak": "HappyCow",
        "eklenme": "2026-07-24",
        "web": "https://www.instagram.com/bunbunkas/",
        "duzenlenme": "2026-07-26"
      }
    },
    {
      "type": "Feature",
      "geometry": {
        "type": "Point",
        "coordinates": [
          30.7328367233276,
          36.877303436265
        ]
      },
      "properties": {
        "ad": "Alâka Cafe Restaurant",
        "il": "Antalya",
        "ilce": "Muratpaşa",
        "tur": "vegan",
        "adres": "Meydankavağı şehitler caddesi fırtına sitesi B blok 17 A, 07100 Muratpaşa/Antalya",
        "telefon": "+90 543 109 07 00",
        "not": "Vegan wrap, falafel, burger, pasta gibi seçenekler",
        "id": "v0105",
        "kaynak": "Seyhan",
        "eklenme": "2026-07-24",
        "web": "https://www.instagram.com/alakacaferestoran/",
        "duzenlenme": "2026-07-26"
      }
    },
    {
      "type": "Feature",
      "geometry": {
        "type": "Point",
        "coordinates": [
          29.0291967988014,
          40.9840166000191
        ]
      },
      "properties": {
        "ad": "Sisters & Harvest",
        "il": "İstanbul",
        "ilce": "Kadıköy",
        "tur": "vegan",
        "adres": "Caferağa, Kadıköy/İstanbul",
        "telefon": "+90 536 596 01 15",
        "not": "Tamamen vegan bir fırın ve pastane",
        "id": "v0106",
        "kaynak": "HappyCow, Yandex",
        "eklenme": "2026-07-24",
        "web": "https://www.instagram.com/sistersandharvest/",
        "duzenlenme": "2026-07-26"
      }
    },
    {
      "type": "Feature",
      "geometry": {
        "type": "Point",
        "coordinates": [
          28.9945667982101,
          41.0487554658365
        ]
      },
      "properties": {
        "ad": "Healin Foods",
        "il": "İstanbul",
        "ilce": "Şişli",
        "tur": "vegan",
        "adres": "Teşvikiye Mah. Hüsrev Gerede Cd. No:110, Nişantaşı/İstanbul",
        "telefon": "+90 212 260 08 08",
        "not": "Doğal, taze ve temiz yemek anlayışıyla vegan ve glütensiz seçenekler",
        "id": "v0107",
        "kaynak": "healinfoods.com",
        "eklenme": "2026-07-24",
        "web": "https://healinfoods.com/",
        "duzenlenme": "2026-07-26"
      }
    },
    {
      "type": "Feature",
      "geometry": {
        "type": "Point",
        "coordinates": [
          28.9771646261215,
          41.0281319063392
        ]
      },
      "properties": {
        "ad": "Community Kitchen (Şube)",
        "il": "İstanbul",
        "ilce": "Beyoğlu",
        "tur": "vegan",
        "adres": "Şahkulu, Kumbaracı Ykş. 35A, Beyoğlu/İstanbul",
        "telefon": "Bilgi bulunamadı",
        "not": "Türk klasiklerinin vegan versiyonlarını sunan mekan (farklı adres kaydı)",
        "id": "v0108",
        "kaynak": "PlumeMag, Placera, HappyCow",
        "eklenme": "2026-07-24",
        "web": "https://www.instagram.com/community_kitchen/",
        "duzenlenme": "2026-07-26"
      }
    },
    {
      "type": "Feature",
      "geometry": {
        "type": "Point",
        "coordinates": [
          28.9826068282127,
          41.0365751157916
        ]
      },
      "properties": {
        "ad": "Zencefil",
        "il": "İstanbul",
        "ilce": "Beyoğlu",
        "tur": "vejetaryen",
        "adres": "Şehit Muhtar Mah., Kurabiye Sok. No:8/A, Beyoğlu/İstanbul",
        "telefon": "+90 212 243 82 34",
        "not": "Şehrin köklü vejetaryen restoranlarından biri",
        "id": "v0109",
        "kaynak": "Yelp, Filgezi, HappyCow",
        "eklenme": "2026-07-24",
        "web": "https://www.instagram.com/zencefilbeyoglu/",
        "duzenlenme": "2026-07-26"
      }
    },
    {
      "type": "Feature",
      "geometry": {
        "type": "Point",
        "coordinates": [
          29.028931260109,
          40.9970427455323
        ]
      },
      "properties": {
        "ad": "Mahatma Cafe",
        "il": "İstanbul",
        "ilce": "Kadıköy",
        "tur": "vegan",
        "adres": "Rasimpaşa Mah. Macit Erbulak Sk. No:50/A, Kadıköy/İstanbul",
        "telefon": "+90 535 608 32 80",
        "not": "%100 vegan kafe ve restoran",
        "id": "v0110",
        "kaynak": "Venues, Yelp, HappyCow",
        "eklenme": "2026-07-24",
        "web": "https://www.instagram.com/mahatmaacafe/",
        "duzenlenme": "2026-07-26"
      }
    },
    {
      "type": "Feature",
      "geometry": {
        "type": "Point",
        "coordinates": [
          32.8575459122658,
          39.9173050089439
        ]
      },
      "properties": {
        "ad": "Dr Falafel",
        "il": "Ankara",
        "ilce": "Çankaya",
        "tur": "vegan",
        "adres": "Selanik 2, Caddesi 66/B, Çankaya/Ankara",
        "telefon": "+90 312 419 17 57",
        "not": "Tamamen vejetaryen/vegan; falafel, humus, vegan lahmacun, ıslak burger",
        "id": "v0111",
        "kaynak": "HappyCow",
        "eklenme": "2026-07-24",
        "web": "https://drfalafel.com.tr/",
        "duzenlenme": "2026-07-26"
      }
    },
    {
      "type": "Feature",
      "geometry": {
        "type": "Point",
        "coordinates": [
          27.2501760721207,
          38.4622337274562
        ]
      },
      "properties": {
        "ad": "Emektar Kebap",
        "il": "İzmir",
        "ilce": "Bornova",
        "tur": "vegan dostu",
        "adres": "129/7 Sokak No:16 Evka3 Bornova/İzmir",
        "telefon": "+90 232 375 76 76",
        "not": "Michelin Rehberi'nde yer alan, vegan/vejetaryen dostu seçenekler",
        "id": "v0112",
        "kaynak": "Michelin Guide, HappyCow",
        "eklenme": "2026-07-24",
        "web": "https://www.emektarkebap.com/",
        "duzenlenme": "2026-07-26"
      }
    },
    {
      "type": "Feature",
      "geometry": {
        "type": "Point",
        "coordinates": [
          34.8245096,
          38.641284
        ]
      },
      "properties": {
        "ad": "Uzundere Kapadokya Mutfağı",
        "il": "Nevşehir",
        "ilce": "Göreme",
        "tur": "vegan dostu",
        "adres": "Aydınlı - Orta Mah. Uzundere-1 Sok. No:1, 50180 Göreme/Nevşehir",
        "telefon": "+90 535 770 65 00",
        "not": "Michelin Rehberi'nde yer alan, vegan seçenekleri bulunan bir restoran",
        "id": "v0113",
        "kaynak": "Michelin Guide, HappyCow",
        "eklenme": "2026-07-24",
        "web": "https://sahsaraycavesuites.com/restorant/",
        "duzenlenme": "2026-07-26"
      }
    },
    {
      "type": "Feature",
      "geometry": {
        "type": "Point",
        "coordinates": [
          28.984090089798,
          41.0326419653026
        ]
      },
      "properties": {
        "ad": "Vegan Dükkan (Market)",
        "il": "İstanbul",
        "ilce": "Beyoğlu",
        "tur": "vegan market",
        "adres": "Sıraselviler Cad. Cihangir Mah. Soğancı Sok. No:8/A, Beyoğlu/İstanbul",
        "telefon": "+90 212 243 23 83",
        "not": "Türkiye'nin ilk vegan ürün marketi",
        "id": "v0114",
        "kaynak": "HappyCow, vegandukkan.com",
        "eklenme": "2026-07-24",
        "web": "https://vegandukkanlokanta.com/",
        "duzenlenme": "2026-07-26"
      }
    },
    {
      "type": "Feature",
      "geometry": {
        "type": "Point",
        "coordinates": [
          28.9509943127632,
          41.0297425326212
        ]
      },
      "properties": {
        "ad": "Ballad Restaurant",
        "il": "İstanbul",
        "ilce": "Fatih",
        "tur": "vegan dostu",
        "adres": "Yavuz Sultan Selim, Camcı Çeşmesi Ykş. No:68, İstanbul",
        "telefon": "+90 542 438 19 66",
        "not": "Vegan bölümü: falafel salata, avokado salata, falafel burger",
        "id": "v0126",
        "kaynak": "HappyCow",
        "eklenme": "2026-07-24",
        "web": "https://www.instagram.com/balladrestaurant/",
        "duzenlenme": "2026-07-26"
      }
    },
    {
      "type": "Feature",
      "geometry": {
        "type": "Point",
        "coordinates": [
          28.9607441425324,
          41.0130617392312
        ]
      },
      "properties": {
        "ad": "Valens Cafe Restaurant",
        "il": "İstanbul",
        "ilce": "Fatih",
        "tur": "vegan dostu",
        "adres": "No:11 16 Mart Şehitleri Caddesi, İstanbul",
        "telefon": "+90 543 461 40 45",
        "not": "6 farklı vegan ana yemek (patates/ıspanaklı gözleme, sebze wrap, vegan köfte)",
        "id": "v0127",
        "kaynak": "HappyCow",
        "eklenme": "2026-07-24",
        "web": "https://www.valenscafe.com/",
        "duzenlenme": "2026-07-26"
      }
    },
    {
      "type": "Feature",
      "geometry": {
        "type": "Point",
        "coordinates": [
          32.8605768084526,
          39.9106990932598
        ]
      },
      "properties": {
        "ad": "Vegan Taş Fırın",
        "il": "Ankara",
        "ilce": "Çankaya",
        "tur": "vegan",
        "adres": "No:15C Beykoz Sokak, Ankara",
        "telefon": null,
        "not": "Vegan Türk mutfağı: pide, lahmacun, pizza",
        "id": "v0128",
        "kaynak": "HappyCow",
        "eklenme": "2026-07-24",
        "web": null,
        "duzenlenme": "2026-07-26"
      }
    },
    {
      "type": "Feature",
      "geometry": {
        "type": "Point",
        "coordinates": [
          28.9777600765228,
          41.0246292652031
        ]
      },
      "properties": {
        "ad": "Oses Gourmet",
        "il": "İstanbul",
        "ilce": "Beyoğlu",
        "tur": "vegan dostu",
        "adres": "Müeyyetzade, Necatibey Cd. No:61, İstanbul",
        "telefon": "+90 212 625 70 70",
        "not": "Vegan çiğköfte rulo, dürüm, burger",
        "id": "v0129",
        "kaynak": "HappyCow",
        "eklenme": "2026-07-24",
        "web": "https://www.osesgurme.com/",
        "duzenlenme": "2026-07-26"
      }
    },
    {
      "type": "Feature",
      "geometry": {
        "type": "Point",
        "coordinates": [
          29.0027394890785,
          41.0450334256585
        ]
      },
      "properties": {
        "ad": "Jay's Cafe",
        "il": "İstanbul",
        "ilce": "Beşiktaş",
        "tur": "vegan dostu",
        "adres": "No:4/A, Mısırlıbahçe Sokağı, Beşiktaş/İstanbul",
        "telefon": "+90 212 913 19 13",
        "not": "Vegan Kebap ve Vegan Burger, bitkisel süt seçenekleri",
        "id": "v0130",
        "kaynak": "HappyCow",
        "eklenme": "2026-07-24",
        "web": "https://www.instagram.com/jayscafeofficial/",
        "duzenlenme": "2026-07-26"
      }
    },
    {
      "type": "Feature",
      "geometry": {
        "type": "Point",
        "coordinates": [
          29.0015888214111,
          41.092653574984
        ]
      },
      "properties": {
        "ad": "Doğa Mantı Evi",
        "il": "İstanbul",
        "ilce": "Beyoğlu",
        "tur": "vegan dostu",
        "adres": "Sultan Selim, Şahinler Cd. No:31/B, İstanbul",
        "telefon": null,
        "not": "Vegan pelmeni (ıspanaklı/patatesli), çiğbörek",
        "id": "v0131",
        "kaynak": "HappyCow",
        "eklenme": "2026-07-24",
        "web": "https://www.dogamantievi.com/",
        "duzenlenme": "2026-07-26"
      }
    },
    {
      "type": "Feature",
      "geometry": {
        "type": "Point",
        "coordinates": [
          28.2742220163345,
          36.8500242183599
        ]
      },
      "properties": {
        "ad": "New Mr Cook",
        "il": "Muğla",
        "ilce": "Marmaris",
        "tur": "vegan dostu",
        "adres": "Barbaros Cd., Marmaris/Muğla",
        "telefon": null,
        "not": "Vegan seçenekler istek üzerine yapılıyor",
        "id": "v0135",
        "kaynak": "HappyCow",
        "eklenme": "2026-07-24",
        "web": "https://www.facebook.com/p/Mr-Cook-100063829821385/",
        "duzenlenme": "2026-07-26"
      }
    },
    {
      "type": "Feature",
      "geometry": {
        "type": "Point",
        "coordinates": [
          27.2219431400299,
          41.7346976001541
        ]
      },
      "properties": {
        "ad": "Bizim Mutfak",
        "il": "Kırklareli",
        "ilce": "Kırklareli Merkez",
        "tur": "vegan dostu",
        "adres": "Karakaş Mah Fevzi Çakmak Geçidi Sokak Gürpınar Pasajı No:10 P.17, 39000 Kırklareli Merkez/Kırklareli",
        "telefon": null,
        "not": "Vegan/vejetaryen dostu",
        "id": "v0136",
        "kaynak": "HappyCow",
        "eklenme": "2026-07-24",
        "web": null,
        "duzenlenme": "2026-07-26"
      }
    },
    {
      "type": "Feature",
      "geometry": {
        "type": "Point",
        "coordinates": [
          27.2245073318481,
          41.7256138842829
        ]
      },
      "properties": {
        "ad": "ELİT KÖŞE lokanta",
        "il": "Kırklareli",
        "ilce": "Kırklareli Merkez",
        "tur": "vegan dostu",
        "adres": "Kırklareli Merkez/Kırklareli",
        "telefon": null,
        "not": "Vegan/vejetaryen dostu",
        "id": "v0137",
        "kaynak": "HappyCow",
        "eklenme": "2026-07-24",
        "web": null,
        "duzenlenme": "2026-07-26"
      }
    },
    {
      "type": "Feature",
      "geometry": {
        "type": "Point",
        "coordinates": [
          27.2238206863403,
          41.7346935970365
        ]
      },
      "properties": {
        "ad": "Kırklareli Pablo Bistro",
        "il": "Kırklareli",
        "ilce": "Kırklareli Merkez",
        "tur": "vegan dostu",
        "adres": "Kasaplararası Efendy'nin karşı sokağı, Karacaibrahim, Şükrü Naili Cd. 47. Sokak No: 2, 39100 Kırklareli Merkez/Kırklareli",
        "telefon": null,
        "not": "Vegan/vejetaryen dostu",
        "id": "v0138",
        "kaynak": "HappyCow",
        "eklenme": "2026-07-24",
        "web": null,
        "duzenlenme": "2026-07-26"
      }
    },
    {
      "type": "Feature",
      "geometry": {
        "type": "Point",
        "coordinates": [
          28.9869037270546,
          41.0473334285993
        ]
      },
      "properties": {
        "ad": "Cigkoftem - Ergenekon",
        "il": "İstanbul",
        "ilce": "Şişli",
        "tur": "vegan dostu",
        "adres": "Ergenekon/Şişli",
        "telefon": null,
        "not": "Bulgur bazlı vegan çiğköfte",
        "id": "v0140",
        "kaynak": "HappyCow",
        "eklenme": "2026-07-24",
        "web": "https://www.cigkoftem.com/",
        "duzenlenme": "2026-07-26"
      }
    },
    {
      "type": "Feature",
      "geometry": {
        "type": "Point",
        "coordinates": [
          32.8584283590317,
          39.9096580531067
        ]
      },
      "properties": {
        "ad": "Paper Coffee",
        "il": "Ankara",
        "ilce": "Çankaya",
        "tur": "vegan dostu",
        "adres": "Bestekar Cd. 36A, Ankara",
        "telefon": "+90 533 045 44 06",
        "not": "Bitkisel süt, vegan burger (sipariş üzerine)",
        "id": "v0145",
        "kaynak": "HappyCow",
        "eklenme": "2026-07-24",
        "web": "https://www.instagram.com/paperroastingcoffee/",
        "duzenlenme": "2026-07-26"
      }
    },
    {
      "type": "Feature",
      "geometry": {
        "type": "Point",
        "coordinates": [
          32.8665259480476,
          39.9061686015556
        ]
      },
      "properties": {
        "ad": "FreshHealthyGarden",
        "il": "Ankara",
        "ilce": "Çankaya",
        "tur": "vegan",
        "adres": "Barbaros mahallesi, Esat Cd. no 112/A, 06680 Çankaya/Ankara",
        "telefon": null,
        "not": "Vegan kafe, sağlıklı ve taze menüler",
        "id": "v0146",
        "kaynak": "HappyCow",
        "eklenme": "2026-07-24",
        "web": "https://www.instagram.com/fresh_healthy_garden/",
        "duzenlenme": "2026-07-26"
      }
    },
    {
      "type": "Feature",
      "geometry": {
        "type": "Point",
        "coordinates": [
          27.1174281835556,
          38.4093707679161
        ]
      },
      "properties": {
        "ad": "Frida Cafe",
        "il": "İzmir",
        "ilce": "Konak",
        "tur": "vegan dostu",
        "adres": "Turgut Reis, Dario Moreno Sk. No:1, İzmir",
        "telefon": "+90 545 342 09 75",
        "not": "Ayrı vegan menü (burger, falafel, pasta)",
        "id": "v0148",
        "kaynak": "HappyCow",
        "eklenme": "2026-07-24",
        "web": "https://www.instagram.com/frida__cafe/",
        "duzenlenme": "2026-07-26"
      }
    },
    {
      "type": "Feature",
      "geometry": {
        "type": "Point",
        "coordinates": [
          27.1420320868492,
          38.4324758926325
        ]
      },
      "properties": {
        "ad": "Improvement Alsancak",
        "il": "İzmir",
        "ilce": "Konak",
        "tur": "vegan dostu",
        "adres": "Kültür, 1389. Sk. no:1/c, 35220 Konak/İzmir",
        "telefon": null,
        "not": "Vegan tost, salata ve içecek seçenekleri",
        "id": "v0149",
        "kaynak": "HappyCow",
        "eklenme": "2026-07-24",
        "web": null,
        "duzenlenme": "2026-07-26"
      }
    },
    {
      "type": "Feature",
      "geometry": {
        "type": "Point",
        "coordinates": [
          30.7060414552689,
          36.8850270587212
        ]
      },
      "properties": {
        "ad": "Cava Restaurant",
        "il": "Antalya",
        "ilce": "Muratpaşa",
        "tur": "vegan dostu",
        "adres": "Antalya",
        "telefon": null,
        "not": "Vegan kahvaltı (bowl, smoothie)",
        "id": "v0151",
        "kaynak": "HappyCow",
        "eklenme": "2026-07-24",
        "web": "https://www.instagram.com/cava.restaurant/",
        "duzenlenme": "2026-07-26"
      }
    },
    {
      "type": "Feature",
      "geometry": {
        "type": "Point",
        "coordinates": [
          28.9995074272156,
          40.2105644635885
        ]
      },
      "properties": {
        "ad": "The Hunger",
        "il": "Bursa",
        "ilce": "Osmangazi",
        "tur": "vegan dostu",
        "adres": "12B, Bursa",
        "telefon": null,
        "not": "4 vegan yemek (burger, salata, pizza)",
        "id": "v0154",
        "kaynak": "HappyCow",
        "eklenme": "2026-07-24",
        "web": "https://www.facebook.com/thehungerparkora/",
        "duzenlenme": "2026-07-26"
      }
    },
    {
      "type": "Feature",
      "geometry": {
        "type": "Point",
        "coordinates": [
          29.1343903541565,
          40.1778363612208
        ]
      },
      "properties": {
        "ad": "Miske Restaurant",
        "il": "Bursa",
        "ilce": "Osmangazi",
        "tur": "vegan dostu",
        "adres": "Bursa Cad. Siteler Mah. No:35/A",
        "telefon": "+90 258 211 89 99",
        "not": "Vegan çiğköfte",
        "id": "v0155",
        "kaynak": "HappyCow",
        "eklenme": "2026-07-24",
        "web": "https://www.miske.com.tr/",
        "duzenlenme": "2026-07-26"
      }
    },
    {
      "type": "Feature",
      "geometry": {
        "type": "Point",
        "coordinates": [
          26.3614663481712,
          38.2745247062138
        ]
      },
      "properties": {
        "ad": "Asma Yapragi",
        "il": "İzmir",
        "ilce": "Alaçatı",
        "tur": "vegan dostu",
        "adres": "Alaçatı/İzmir",
        "telefon": null,
        "not": "Vejetaryen/vegan seçenekler",
        "id": "v0156",
        "kaynak": "HappyCow",
        "eklenme": "2026-07-24",
        "web": "https://www.instagram.com/asmayapragialacati/",
        "duzenlenme": "2026-07-26"
      }
    },
    {
      "type": "Feature",
      "geometry": {
        "type": "Point",
        "coordinates": [
          26.3712000846863,
          38.2800834706429
        ]
      },
      "properties": {
        "ad": "Bom Dia",
        "il": "İzmir",
        "ilce": "Alaçatı",
        "tur": "vegan dostu",
        "adres": "Alaçatı/İzmir",
        "telefon": "+90 539 811 01 67",
        "not": "Vejetaryen/vegan seçenekler",
        "id": "v0157",
        "kaynak": "HappyCow",
        "eklenme": "2026-07-24",
        "web": "https://www.instagram.com/bomdiaalacati/",
        "duzenlenme": "2026-07-26"
      }
    },
    {
      "type": "Feature",
      "geometry": {
        "type": "Point",
        "coordinates": [
          26.3772296905518,
          38.2842606862427
        ]
      },
      "properties": {
        "ad": "GAIA",
        "il": "İzmir",
        "ilce": "Alaçatı",
        "tur": "vegan dostu",
        "adres": "Alaçatı, 13002 Sok No:11, 35937 Çeşme/İzmir",
        "telefon": null,
        "not": "Vejetaryen/vegan seçenekler",
        "id": "v0159",
        "kaynak": "HappyCow",
        "eklenme": "2026-07-24",
        "web": "https://www.gaiaalacati.com/",
        "duzenlenme": "2026-07-26"
      }
    },
    {
      "type": "Feature",
      "geometry": {
        "type": "Point",
        "coordinates": [
          26.4774262905121,
          38.3823476294986
        ]
      },
      "properties": {
        "ad": "Katres Kitchen",
        "il": "İzmir",
        "ilce": "Alaçatı",
        "tur": "vegan dostu",
        "adres": "Alaçatı/İzmir",
        "telefon": null,
        "not": "Vejetaryen/vegan seçenekler",
        "id": "v0160",
        "kaynak": "HappyCow",
        "eklenme": "2026-07-24",
        "web": null,
        "duzenlenme": "2026-07-26"
      }
    },
    {
      "type": "Feature",
      "geometry": {
        "type": "Point",
        "coordinates": [
          26.374576985836,
          38.2833490462863
        ]
      },
      "properties": {
        "ad": "Kirmizi Ardic Kusu",
        "il": "İzmir",
        "ilce": "Alaçatı",
        "tur": "vegan dostu",
        "adres": "Alaçatı/İzmir",
        "telefon": "+90 535 774 94 07",
        "not": "Vejetaryen/vegan seçenekler",
        "id": "v0161",
        "kaynak": "HappyCow",
        "eklenme": "2026-07-24",
        "web": "https://www.instagram.com/kirmiziardic/",
        "duzenlenme": "2026-07-26"
      }
    },
    {
      "type": "Feature",
      "geometry": {
        "type": "Point",
        "coordinates": [
          26.3748317956924,
          38.2826079356218
        ]
      },
      "properties": {
        "ad": "Pizza Locale",
        "il": "İzmir",
        "ilce": "Alaçatı",
        "tur": "vegan dostu",
        "adres": "Alaçatı/İzmir",
        "telefon": null,
        "not": "Vejetaryen/vegan seçenekler",
        "id": "v0162",
        "kaynak": "HappyCow",
        "eklenme": "2026-07-24",
        "web": "https://www.instagram.com/pizzalocale/",
        "duzenlenme": "2026-07-26"
      }
    },
    {
      "type": "Feature",
      "geometry": {
        "type": "Point",
        "coordinates": [
          26.3756203651428,
          38.2852038952093
        ]
      },
      "properties": {
        "ad": "Salkım Söğüt",
        "il": "İzmir",
        "ilce": "Alaçatı",
        "tur": "vegan dostu",
        "adres": "Alaçatı/İzmir",
        "telefon": "+90 553 883 67 15",
        "not": "Vejetaryen/vegan seçenekler",
        "id": "v0163",
        "kaynak": "HappyCow",
        "eklenme": "2026-07-24",
        "web": "https://www.instagram.com/salkimsogutalacati/",
        "duzenlenme": "2026-07-26"
      }
    },
    {
      "type": "Feature",
      "geometry": {
        "type": "Point",
        "coordinates": [
          37.3541613,
          37.0637036
        ]
      },
      "properties": {
        "ad": "Syrian Restaurant",
        "il": "Gaziantep",
        "ilce": "Şehitkamil",
        "tur": "vegan dostu",
        "adres": "Gaziantep",
        "telefon": null,
        "not": "Falafel, humus, patlıcan",
        "id": "v0166",
        "kaynak": "HappyCow",
        "eklenme": "2026-07-24"
      }
    },
    {
      "type": "Feature",
      "geometry": {
        "type": "Point",
        "coordinates": [
          41.1417603492737,
          41.2715573959871
        ]
      },
      "properties": {
        "ad": "Cogito Vegan Cafe",
        "il": "Rize",
        "ilce": "Fındıklı",
        "tur": "vegan",
        "adres": "Merkez, Papatya Sokak No:7/B, 53700 Fındıklı/Rize",
        "telefon": null,
        "not": "Rize Fındıklı'da vegan kafe",
        "id": "v0169",
        "kaynak": "HappyCow",
        "eklenme": "2026-07-24",
        "web": null,
        "duzenlenme": "2026-07-26"
      }
    },
    {
      "type": "Feature",
      "geometry": {
        "type": "Point",
        "coordinates": [
          29.0250045061112,
          40.9898315107837
        ]
      },
      "properties": {
        "ad": "Vegan Bakkal",
        "il": "İstanbul",
        "ilce": "Kadıköy",
        "tur": "vegan",
        "adres": "Caferağa Mah., Muvakkıthane Cad. No:41/A, Kadıköy/İstanbul",
        "telefon": "+90 216 337 00 11",
        "not": "Tamamen vegan bakkal; atıştırmalık, peynir, et alternatifleri; veganbakkal.com.tr üzerinden online sipariş ve kargo imkanı sunuyor.",
        "id": "v0170",
        "kaynak": "Google Places",
        "eklenme": "2026-07-25",
        "web": "https://www.veganbakkal.com.tr/",
        "duzenlenme": "2026-09-01",
        "kanal": "hem fiziksel hem online"
      }
    },
    {
      "type": "Feature",
      "geometry": {
        "type": "Point",
        "coordinates": [
          32.8588628768921,
          39.9078763152652
        ]
      },
      "properties": {
        "ad": "Vegan Dükkan",
        "il": "Ankara",
        "ilce": "Çankaya",
        "tur": "vegan",
        "adres": "Remzi Oğuz Arık Mah., Tunus Cad. No:55/B, Çankaya/Ankara",
        "telefon": "+90 312 468 07 80",
        "not": "Ankara'nın tam vegan marketi; bitkisel süt, vegan peynir, kozmetik.",
        "id": "v0171",
        "kaynak": "Google Places",
        "eklenme": "2026-07-25",
        "web": "https://www.instagram.com/vegandukkan/",
        "duzenlenme": "2026-07-26"
      }
    },
    {
      "type": "Feature",
      "geometry": {
        "type": "Point",
        "coordinates": [
          27.1407821,
          38.437382
        ]
      },
      "properties": {
        "ad": "Vegan Pazar",
        "il": "İzmir",
        "ilce": "Konak",
        "tur": "vegan",
        "adres": "Alsancak, Kıbrıs Şehitleri Cad. No:64/A, Konak/İzmir",
        "telefon": "+90 232 422 20 20",
        "not": "İzmir'de vegan bakkal; dondurma ve peynir çeşitleri.",
        "id": "v0172",
        "kaynak": "Google Places",
        "eklenme": "2026-07-25",
        "web": "https://www.instagram.com/veganpazarizmir/"
      }
    },
    {
      "type": "Feature",
      "geometry": {
        "type": "Point",
        "coordinates": [
          30.6484222412109,
          36.8776467249623
        ]
      },
      "properties": {
        "ad": "Naturel Vegan Market",
        "il": "Antalya",
        "ilce": "Konyaaltı",
        "tur": "vegan",
        "adres": "Arapsuyu Mah., 642. Sokak No:5/A, Konyaaltı/Antalya",
        "telefon": "+90 242 229 11 00",
        "not": "Akdeniz’in vegan marketi; glutensiz ve vegan atıştırmalıklar.",
        "id": "v0173",
        "kaynak": "Google Places",
        "eklenme": "2026-07-25",
        "web": null,
        "duzenlenme": "2026-07-26"
      }
    },
    {
      "type": "Feature",
      "geometry": {
        "type": "Point",
        "coordinates": [
          28.9717626571655,
          40.2342637244361
        ]
      },
      "properties": {
        "ad": "Vegan Bursa",
        "il": "Bursa",
        "ilce": "Nilüfer",
        "tur": "vegan",
        "adres": "Fethiye Mah., Mudanya Yolu Cad. No:101 D:B, Nilüfer/Bursa",
        "telefon": "+90 224 452 33 44",
        "not": "Bursa’da tam vegan bakkal, yerel üreticilerden ürünler.",
        "id": "v0174",
        "kaynak": "Google Places",
        "eklenme": "2026-07-25",
        "web": "https://www.instagram.com/veganbursa/",
        "duzenlenme": "2026-07-26"
      }
    },
    {
      "type": "Feature",
      "geometry": {
        "type": "Point",
        "coordinates": [
          30.516,
          39.7843
        ]
      },
      "properties": {
        "ad": "Veganet Market",
        "il": "Eskişehir",
        "ilce": "Tepebaşı",
        "tur": "vegan",
        "adres": "Hoşnudiye Mah., İsmet İnönü Cad. No:15/A, Tepebaşı/Eskişehir",
        "telefon": "+90 222 220 11 22",
        "not": "Eskişehir vegan market; bitkisel et, süt ürünleri.",
        "id": "v0175",
        "kaynak": "Google Places",
        "eklenme": "2026-07-25",
        "web": "https://www.instagram.com/veganeteskisehir/"
      }
    },
    {
      "type": "Feature",
      "geometry": {
        "type": "Point",
        "coordinates": [
          35.3206264972687,
          36.9979085974827
        ]
      },
      "properties": {
        "ad": "Vegan Adana",
        "il": "Adana",
        "ilce": "Seyhan",
        "tur": "vegan",
        "adres": "Kurtuluş Mah., Ziyapaşa Bulvarı No:44/C, Seyhan/Adana",
        "telefon": "+90 322 350 00 99",
        "not": "Adana'da vegan bakkal, acılı vegan sucuk.",
        "id": "v0176",
        "kaynak": "Google Places",
        "eklenme": "2026-07-25",
        "web": null,
        "duzenlenme": "2026-07-26"
      }
    },
    {
      "type": "Feature",
      "geometry": {
        "type": "Point",
        "coordinates": [
          34.5914765,
          36.7833971
        ]
      },
      "properties": {
        "ad": "Vegan Mersin",
        "il": "Mersin",
        "ilce": "Yenişehir",
        "tur": "vegan",
        "adres": "Güvenevler Mah., 20. Cadde No:5/A, Yenişehir/Mersin",
        "telefon": "+90 324 330 11 22",
        "not": "Mersin vegan market, tantuni seitan.",
        "id": "v0177",
        "kaynak": "Google Places",
        "eklenme": "2026-07-25",
        "web": "https://www.instagram.com/veganmersin/"
      }
    },
    {
      "type": "Feature",
      "geometry": {
        "type": "Point",
        "coordinates": [
          37.3740613460541,
          37.0723680714095
        ]
      },
      "properties": {
        "ad": "Vegan Gaziantep",
        "il": "Gaziantep",
        "ilce": "Şahinbey",
        "tur": "vegan",
        "adres": "İncili Pınar Mah., Ali Fuat Cebesoy Bulvarı No:22/B, Şahinbey/Gaziantep",
        "telefon": "+90 342 220 33 44",
        "not": "Güneydoğu’da ilk vegan market, baklava ve baharat.",
        "id": "v0178",
        "kaynak": "Google Places",
        "eklenme": "2026-07-25",
        "web": null,
        "duzenlenme": "2026-07-26"
      }
    },
    {
      "type": "Feature",
      "geometry": {
        "type": "Point",
        "coordinates": [
          39.7231936454773,
          41.0064109088065
        ]
      },
      "properties": {
        "ad": "Vegan Trabzon",
        "il": "Trabzon",
        "ilce": "Ortahisar",
        "tur": "vegan",
        "adres": "İskenderpaşa Mah., Kahramanmaraş Cad. No:18/A, Ortahisar/Trabzon",
        "telefon": "+90 462 321 55 66",
        "not": "Karadeniz’de vegan market, fındık ezmesi çeşitleri.",
        "id": "v0179",
        "kaynak": "Google Places",
        "eklenme": "2026-07-25",
        "web": null,
        "duzenlenme": "2026-07-26"
      }
    },
    {
      "type": "Feature",
      "geometry": {
        "type": "Point",
        "coordinates": [
          29.0114,
          41.0783
        ]
      },
      "properties": {
        "ad": "Macrocenter Kanyon",
        "il": "İstanbul",
        "ilce": "Beşiktaş",
        "tur": "vegan ürünlü",
        "adres": "Kanyon AVM, Büyükdere Cad. No:185, Levent/İstanbul",
        "telefon": "+90 212 353 00 00",
        "not": "Premium market; geniş vegan peynir, et alternatifi ve bitkisel süt reyonu.",
        "id": "v0180",
        "kaynak": "Google Places",
        "eklenme": "2026-07-25",
        "web": "https://www.macrocenter.com.tr"
      }
    },
    {
      "type": "Feature",
      "geometry": {
        "type": "Point",
        "coordinates": [
          32.8094673156738,
          39.9126659164525
        ]
      },
      "properties": {
        "ad": "Macrocenter Armada",
        "il": "Ankara",
        "ilce": "Çankaya",
        "tur": "vegan ürünlü",
        "adres": "Armada AVM, Eskişehir Yolu No:6, Çankaya/Ankara",
        "telefon": "+90 312 219 00 00",
        "not": "Vegan dondurma, tofu ve tempeh gibi özel ürünler bulunur.",
        "id": "v0181",
        "kaynak": "Google Places",
        "eklenme": "2026-07-25",
        "web": "https://www.macrocenter.com.tr",
        "duzenlenme": "2026-07-26"
      }
    },
    {
      "type": "Feature",
      "geometry": {
        "type": "Point",
        "coordinates": [
          27.0707577466965,
          38.4748045414127
        ]
      },
      "properties": {
        "ad": "CarrefourSA Mavişehir",
        "il": "İzmir",
        "ilce": "Karşıyaka",
        "tur": "vegan ürünlü",
        "adres": "Mavişehir Mah., Caher Dudayev Bulvarı No:2/A, Karşıyaka/İzmir",
        "telefon": "+90 232 324 00 00",
        "not": "Vegan bölümünde bitkisel süt, yoğurt ve vegan köfte.",
        "id": "v0182",
        "kaynak": "Google Places",
        "eklenme": "2026-07-25",
        "web": "https://www.carrefoursa.com",
        "duzenlenme": "2026-07-26"
      }
    },
    {
      "type": "Feature",
      "geometry": {
        "type": "Point",
        "coordinates": [
          28.9591026306152,
          40.2503152008732
        ]
      },
      "properties": {
        "ad": "Migros 3M Bursa Korupark",
        "il": "Bursa",
        "ilce": "Nilüfer",
        "tur": "vegan ürünlü",
        "adres": "Korupark AVM, İzmir Yolu, Nilüfer/Bursa",
        "telefon": "+90 224 444 00 00",
        "not": "Migros’un vegan reyonu; vegan sucuk, peynir ve tatlılar.",
        "id": "v0183",
        "kaynak": "Google Places",
        "eklenme": "2026-07-25",
        "web": "https://www.migros.com.tr",
        "duzenlenme": "2026-07-26"
      }
    },
    {
      "type": "Feature",
      "geometry": {
        "type": "Point",
        "coordinates": [
          30.7571321725845,
          36.8521361732707
        ]
      },
      "properties": {
        "ad": "Happy Center Lara",
        "il": "Antalya",
        "ilce": "Muratpaşa",
        "tur": "vegan ürünlü",
        "adres": "Lara, Fener Mah., Tekelioğlu Cad. No:57, Muratpaşa/Antalya",
        "telefon": "+90 242 323 00 00",
        "not": "Organik ve vegan köşesi olan süpermarket.",
        "id": "v0184",
        "kaynak": "Google Places",
        "eklenme": "2026-07-25",
        "web": "https://www.happycenter.com.tr",
        "duzenlenme": "2026-07-26"
      }
    },
    {
      "type": "Feature",
      "geometry": {
        "type": "Point",
        "coordinates": [
          28.9933598041534,
          41.0531528658918
        ]
      },
      "properties": {
        "ad": "Biorganik Nişantaşı",
        "il": "İstanbul",
        "ilce": "Şişli",
        "tur": "vegan ürünlü",
        "adres": "Teşvikiye Mah., Valikonağı Cad. No:72/A, Şişli/İstanbul",
        "telefon": "+90 212 241 33 33",
        "not": "Organik market; vegan protein barları, süt alternatifleri.",
        "id": "v0185",
        "kaynak": "Google Places",
        "eklenme": "2026-07-25",
        "web": "https://www.biorganik.com.tr",
        "duzenlenme": "2026-07-26"
      }
    },
    {
      "type": "Feature",
      "geometry": {
        "type": "Point",
        "coordinates": [
          27.2348767518997,
          38.4680510988664
        ]
      },
      "properties": {
        "ad": "Tadım Organik",
        "il": "İzmir",
        "ilce": "Bornova",
        "tur": "vegan ürünlü",
        "adres": "Erzene Mah., 114 Sok. No:5/A, Bornova/İzmir",
        "telefon": "+90 232 374 12 34",
        "not": "Vegan atıştırmalıklar, glutensiz ürünler ve bitkisel içecekler.",
        "id": "v0186",
        "kaynak": "Google Places",
        "eklenme": "2026-07-25",
        "web": null,
        "duzenlenme": "2026-07-26"
      }
    },
    {
      "type": "Feature",
      "geometry": {
        "type": "Point",
        "coordinates": [
          29.0363073348999,
          41.1114017818676
        ]
      },
      "properties": {
        "ad": "CarrefourSA İstinyePark",
        "il": "İstanbul",
        "ilce": "Sarıyer",
        "tur": "vegan ürünlü",
        "adres": "İstinye Mah., İstinye Bayırı Cad. No:73, Sarıyer/İstanbul",
        "telefon": "+90 212 345 00 00",
        "not": "Büyük vegan reyon; dondurulmuş vegan pizza, bitkisel et.",
        "id": "v0187",
        "kaynak": "Google Places",
        "eklenme": "2026-07-25",
        "web": "https://www.carrefoursa.com",
        "duzenlenme": "2026-07-26"
      }
    },
    {
      "type": "Feature",
      "geometry": {
        "type": "Point",
        "coordinates": [
          32.5152826309204,
          37.9604067343661
        ]
      },
      "properties": {
        "ad": "Makro Extra Konya",
        "il": "Konya",
        "ilce": "Selçuklu",
        "tur": "vegan ürünlü",
        "adres": "Bosna Hersek Mah., Yeni İstanbul Cad. No:102, Selçuklu/Konya",
        "telefon": "+90 332 240 00 00",
        "not": "Market zinciri; vegan süt ve bakliyat ağırlıklı.",
        "id": "v0188",
        "kaynak": "Google Places",
        "eklenme": "2026-07-25",
        "web": "https://www.makro.com.tr",
        "duzenlenme": "2026-07-26"
      }
    },
    {
      "type": "Feature",
      "geometry": {
        "type": "Point",
        "coordinates": [
          32.8469163179398,
          39.8913899564826
        ]
      },
      "properties": {
        "ad": "Natura Organik",
        "il": "Ankara",
        "ilce": "Çankaya",
        "tur": "vegan ürünlü",
        "adres": "Ayrancı Mah., Hoşdere Cad. No:122/A, Çankaya/Ankara",
        "telefon": "+90 312 440 55 00",
        "not": "Organik ürünler ve vegan spesiyaller; badem sütü, kinoa.",
        "id": "v0189",
        "kaynak": "Google Places",
        "eklenme": "2026-07-25",
        "web": null,
        "duzenlenme": "2026-07-26"
      }
    },
    {
      "type": "Feature",
      "geometry": {
        "type": "Point",
        "coordinates": [
          30.5198,
          39.7802
        ]
      },
      "properties": {
        "ad": "Migros MMM Eskişehir Espark",
        "il": "Eskişehir",
        "ilce": "Odunpazarı",
        "tur": "vegan ürünlü",
        "adres": "Espark AVM, İsmet İnönü Cad. No:35, Odunpazarı/Eskişehir",
        "telefon": "+90 222 444 00 00",
        "not": "Migros mağazasında vegan dondurma ve bitkisel yoğurt reyonu.",
        "id": "v0190",
        "kaynak": "Google Places",
        "eklenme": "2026-07-25",
        "web": "https://www.migros.com.tr"
      }
    },
    {
      "type": "Feature",
      "geometry": {
        "type": "Point",
        "coordinates": [
          29.0572607517242,
          40.9725026980285
        ]
      },
      "properties": {
        "ad": "File Market Şaşkınbakkal",
        "il": "İstanbul",
        "ilce": "Kadıköy",
        "tur": "vegan ürünlü",
        "adres": "Bağdat Cad. No:236, Caddebostan, Kadıköy/İstanbul",
        "telefon": "+90 216 411 00 00",
        "not": "Uygun fiyatlı vegan süt ve atıştırmalıklar.",
        "id": "v0191",
        "kaynak": "Google Places",
        "eklenme": "2026-07-25",
        "web": "https://www.filemarket.com.tr",
        "duzenlenme": "2026-07-26"
      }
    },
    {
      "type": "Feature",
      "geometry": {
        "type": "Point",
        "coordinates": [
          40.170521736145,
          37.9282216469898
        ]
      },
      "properties": {
        "ad": "CarrefourSA Diyarbakır",
        "il": "Diyarbakır",
        "ilce": "Kayapınar",
        "tur": "vegan ürünlü",
        "adres": "Kayapınar Mah., Urfa Yolu Bulvarı No:45, Kayapınar/Diyarbakır",
        "telefon": "+90 412 252 00 00",
        "not": "Vegan reyonu sınırlı; bitkisel süt bulunur.",
        "id": "v0192",
        "kaynak": "Google Places",
        "eklenme": "2026-07-25",
        "web": "https://www.carrefoursa.com",
        "duzenlenme": "2026-07-26"
      }
    },
    {
      "type": "Feature",
      "geometry": {
        "type": "Point",
        "coordinates": [
          36.3535666465759,
          41.2764357545547
        ]
      },
      "properties": {
        "ad": "Migros Samsun Piazza",
        "il": "Samsun",
        "ilce": "İlkadım",
        "tur": "vegan ürünlü",
        "adres": "Yenimahalle, Çarşamba Cd. No:52, 55080 Canik/Samsun",
        "telefon": "+90 362 444 00 00",
        "not": "Vegan dondurma ve bitkisel içecekler.",
        "id": "v0193",
        "kaynak": "Google Places",
        "eklenme": "2026-07-25",
        "web": "https://www.migros.com.tr",
        "duzenlenme": "2026-07-26"
      }
    },
    {
      "type": "Feature",
      "geometry": {
        "type": "Point",
        "coordinates": [
          35.4971265792847,
          38.7227846819934
        ]
      },
      "properties": {
        "ad": "Migros Kayseri Forum",
        "il": "Kayseri",
        "ilce": "Kocasinan",
        "tur": "vegan ürünlü",
        "adres": "Forum Kayseri AVM, Kocasinan/Kayseri",
        "telefon": "+90 352 444 00 00",
        "not": "Vegan ürün köşesi.",
        "id": "v0194",
        "kaynak": "Google Places",
        "eklenme": "2026-07-25",
        "web": "https://www.migros.com.tr",
        "duzenlenme": "2026-07-26"
      }
    },
    {
      "type": "Feature",
      "geometry": {
        "type": "Point",
        "coordinates": [
          27.882,
          39.6475
        ]
      },
      "properties": {
        "ad": "Happy Center Balıkesir",
        "il": "Balıkesir",
        "ilce": "Altıeylül",
        "tur": "vegan ürünlü",
        "adres": "Paşaalanı Mah., Yeni Sanayi Cad. No:22, Altıeylül/Balıkesir",
        "telefon": "+90 266 245 00 00",
        "not": "Organik ve vegan ürünler.",
        "id": "v0195",
        "kaynak": "Google Places",
        "eklenme": "2026-07-25",
        "web": "https://www.happycenter.com.tr"
      }
    },
    {
      "type": "Feature",
      "geometry": {
        "type": "Point",
        "coordinates": [
          29.0425729751587,
          37.7599263695416
        ]
      },
      "properties": {
        "ad": "Migros Denizli Teraspark",
        "il": "Denizli",
        "ilce": "Pamukkale",
        "tur": "vegan ürünlü",
        "adres": "Sümer Mah., Teraspark AVM, Pamukkale/Denizli",
        "telefon": "+90 258 444 00 00",
        "not": "Vegan peynir alternatifleri.",
        "id": "v0196",
        "kaynak": "Google Places",
        "eklenme": "2026-07-25",
        "web": "https://www.migros.com.tr",
        "duzenlenme": "2026-07-26"
      }
    },
    {
      "type": "Feature",
      "geometry": {
        "type": "Point",
        "coordinates": [
          27.2883546352387,
          37.1031445444255
        ]
      },
      "properties": {
        "ad": "Macrocenter Bodrum",
        "il": "Muğla",
        "ilce": "Bodrum",
        "tur": "vegan ürünlü",
        "adres": "Yalıkavak Mah., Çökertme Cad. No:12, Bodrum/Muğla",
        "telefon": "+90 252 444 00 00",
        "not": "Zengin vegan bölümü; hindistancevizi yoğurdu.",
        "id": "v0197",
        "kaynak": "Google Places",
        "eklenme": "2026-07-25",
        "web": "https://www.macrocenter.com.tr",
        "duzenlenme": "2026-07-26"
      }
    },
    {
      "type": "Feature",
      "geometry": {
        "type": "Point",
        "coordinates": [
          27.2615432739258,
          37.8247346685399
        ]
      },
      "properties": {
        "ad": "File Market Kuşadası",
        "il": "Aydın",
        "ilce": "Kuşadası",
        "tur": "vegan ürünlü",
        "adres": "Davutlar Cad. No:55, Kuşadası/Aydın",
        "telefon": "+90 256 444 00 00",
        "not": "Bitkisel süt ve atıştırmalık.",
        "id": "v0198",
        "kaynak": "Google Places",
        "eklenme": "2026-07-25",
        "web": "https://www.filemarket.com.tr",
        "duzenlenme": "2026-07-26"
      }
    },
    {
      "type": "Feature",
      "geometry": {
        "type": "Point",
        "coordinates": [
          26.4080214500427,
          40.14701973764
        ]
      },
      "properties": {
        "ad": "Migros Çanakkale",
        "il": "Çanakkale",
        "ilce": "Merkez",
        "tur": "vegan ürünlü",
        "adres": "İsmetpaşa Mah., Demircioğlu Cad. No:9, Çanakkale",
        "telefon": "+90 286 444 00 00",
        "not": "Sınırlı vegan seçenek.",
        "id": "v0199",
        "kaynak": "Google Places",
        "eklenme": "2026-07-25",
        "web": "https://www.migros.com.tr",
        "duzenlenme": "2026-07-26"
      }
    },
    {
      "type": "Feature",
      "geometry": {
        "type": "Point",
        "coordinates": [
          27.8247106075287,
          37.8439440950418
        ]
      },
      "properties": {
        "ad": "Vegu Aydın Vegan ve Glutensiz Mutfak Yemekleri",
        "il": "Aydın",
        "ilce": "Efeler",
        "tur": "vegan",
        "adres": "Efeler, Reyhan Cd. Novapark Sitesi No: 3/B Kat 5 Daire 9, 09020 Merkez/Aydın",
        "telefon": null,
        "not": "Vegan ve glütensiz yemek servisi",
        "id": "v0200",
        "kaynak": "Kullanıcı tarafından doğrulanmış liste",
        "eklenme": "2026-07-25",
        "web": null,
        "duzenlenme": "2026-07-26"
      }
    },
    {
      "type": "Feature",
      "geometry": {
        "type": "Point",
        "coordinates": [
          29.6418026089668,
          36.1993881609179
        ]
      },
      "properties": {
        "ad": "CaFe LoKal",
        "il": "Antalya",
        "ilce": "Kaş",
        "tur": "vegan dostu",
        "adres": "Andifli Mahallesi Gürsoy Sokak No 4 Kaş / Antalya",
        "telefon": "+90 532 436 53 46",
        "not": "ARTİSAN MİKRO-FIRIN & KAFE BİSTRO",
        "id": "v0201",
        "kaynak": "Manuel Giriş (Admin)",
        "eklenme": "2026-07-25",
        "web": "https://www.instagram.com/cafelokalkas?igsh=MTc0YzdvenBjdTh4dg=="
      }
    },
    {
      "type": "Feature",
      "geometry": {
        "type": "Point",
        "coordinates": [
          32.8559048,
          39.9188229
        ]
      },
      "properties": {
        "ad": "Vaviyen Cafe & Bar",
        "il": "Ankara",
        "ilce": "Çankaya",
        "tur": "vegan",
        "adres": "Meşrutiyet, Konur Sk. No:8/6, Çankaya/Ankara",
        "telefon": null,
        "not": "Tamamen vegan mutfak, queer-dostu/LGBTİ+ güvenli mekan, kafe-bar konsepti",
        "id": "v0202",
        "kaynak": "Web araştırması (kaosgl.org, vegansozluk, HappyCow türevi kaynaklar)",
        "eklenme": "2026-07-26",
        "web": null
      }
    },
    {
      "type": "Feature",
      "geometry": {
        "type": "Point",
        "coordinates": [
          37.3699736595154,
          37.0721198232507
        ]
      },
      "properties": {
        "ad": "Eşter",
        "il": "Gaziantep",
        "ilce": "Şahinbey",
        "tur": "vegan dostu",
        "adres": "İncili Pınar, Nail Bilen Cd. No:8, Gaziantep, 27090",
        "telefon": "+90 530 990 39 05",
        "not": "Suriye mutfağı; falafel, humus, ful, fatta gibi geniş vegan seçenekli, bazı yemeklerde yoğurt/peynir olabiliyor (sorarak sipariş vermek gerekir)",
        "id": "v0204",
        "kaynak": "Web araştırması (HappyCow)",
        "eklenme": "2026-07-26",
        "web": null,
        "duzenlenme": "2026-07-26"
      }
    },
    {
      "type": "Feature",
      "geometry": {
        "type": "Point",
        "coordinates": [
          39.7087909,
          40.9870054
        ]
      },
      "properties": {
        "ad": "Trabzon Botanik Cafe ve Restoran",
        "il": "Trabzon",
        "ilce": "Ortahisar",
        "tur": "vegan dostu",
        "adres": "Çamoba, 61000 Ortahisar/Trabzon",
        "telefon": "(0462) 230 69 45",
        "not": "Sebzeli pizza, makarna ve salata çeşitleriyle öne çıkan, yüksek puanlı bir kafe-restoran",
        "id": "v0205",
        "kaynak": "Web araştırması (Restaurant Guru, Yandex Maps)",
        "eklenme": "2026-07-26",
        "web": null
      }
    },
    {
      "type": "Feature",
      "geometry": {
        "type": "Point",
        "coordinates": [
          40.7339881,
          37.3138277
        ]
      },
      "properties": {
        "ad": "Leyli Muse Mutfak Restoran",
        "il": "Mardin",
        "ilce": "Artuklu",
        "tur": "vegan dostu",
        "adres": "Şar, Kültür Sok. No:17, 47100 Artuklu/Mardin",
        "telefon": "+90 552 438 04 12",
        "not": "Geleneksel Mardin/Süryani mutfağının vegan ve vejetaryen yorumları (vegan irok, vegan kuru fasulye), canlı müzikli taş bina",
        "id": "v0206",
        "kaynak": "Google Places",
        "eklenme": "2026-07-27",
        "web": null
      }
    },
    {
      "type": "Feature",
      "geometry": {
        "type": "Point",
        "coordinates": [
          36.160394,
          36.199129
        ]
      },
      "properties": {
        "ad": "Humusçu İbrahim Usta",
        "il": "Hatay",
        "ilce": "Antakya",
        "tur": "vegan dostu",
        "adres": "Güllü Bahçe, Saray Cd. Sakarya İşhanı No:13, 31070 Antakya/Hatay",
        "telefon": null,
        "not": "Küçük humus dükkanı; vegan/vejetaryen kesim tarafından tercih ediliyor, humus zeytinyağı-tahin-kimyonla servis, organik tahin",
        "id": "v0207",
        "kaynak": "Google Places",
        "eklenme": "2026-07-27",
        "web": null
      }
    },
    {
      "type": "Feature",
      "geometry": {
        "type": "Point",
        "coordinates": [
          29.110137,
          36.620029
        ]
      },
      "properties": {
        "ad": "Ardıç Şarküteri / Cafe",
        "il": "Muğla",
        "ilce": "Fethiye",
        "tur": "vegan dostu",
        "adres": "Cumhuriyet, Çarşı Cd. No:68, 48300 Fethiye/Muğla",
        "telefon": "+90 535 677 33 34",
        "not": "Sağlıklı/glutensiz odaklı kafe-şarküteri; vegan peynirli karabuğday tost, satış reyonunda vegan peynir de mevcut",
        "id": "v0208",
        "kaynak": "Google Places",
        "eklenme": "2026-07-27",
        "web": null
      }
    },
    {
      "type": "Feature",
      "geometry": {
        "type": "Point",
        "coordinates": [
          29.1202824,
          36.6622007
        ]
      },
      "properties": {
        "ad": "Love Breakfast & Eatery",
        "il": "Muğla",
        "ilce": "Fethiye",
        "tur": "vegan dostu",
        "adres": "Foça, Barış Manço Blv. 61 A, 48300 Fethiye/Muğla",
        "telefon": "+90 534 790 89 70",
        "not": "Avrupa tarzı sağlıklı kahvaltı/brunch kafesi, bitkisel bazlı seçenekler öne çıkıyor",
        "id": "v0209",
        "kaynak": "Google Places",
        "eklenme": "2026-07-27",
        "web": null
      }
    },
    {
      "type": "Feature",
      "geometry": {
        "type": "Point",
        "coordinates": [
          28.274311,
          36.851277
        ]
      },
      "properties": {
        "ad": "Sünger Kafe",
        "il": "Muğla",
        "ilce": "Marmaris",
        "tur": "vegan dostu",
        "adres": "Tepe, 30. Sk. No:3, 48700 Marmaris/Muğla",
        "telefon": "+90 532 761 13 98",
        "not": "Falafel ve geniş vegan seçenekli kafe; ev yapımı reçel/turşu, vegan bruschetta",
        "id": "v0210",
        "kaynak": "Google Places",
        "eklenme": "2026-07-27",
        "web": null
      }
    },
    {
      "type": "Feature",
      "geometry": {
        "type": "Point",
        "coordinates": [
          29.5933455,
          36.1937233
        ]
      },
      "properties": {
        "ad": "Oburus Momus",
        "il": "Antalya",
        "ilce": "Kaş",
        "tur": "vejetaryen",
        "adres": "Adil, Akba Sk. No:13, 07580 Kaş/Antalya",
        "telefon": "+90 507 704 20 32",
        "not": "Deniz manzaralı vejetaryen restoran, gün batımı için popüler",
        "id": "v0211",
        "kaynak": "Google Places",
        "eklenme": "2026-07-27",
        "web": null
      }
    },
    {
      "type": "Feature",
      "geometry": {
        "type": "Point",
        "coordinates": [
          29.636919,
          36.199902
        ]
      },
      "properties": {
        "ad": "Oburus Bites",
        "il": "Antalya",
        "ilce": "Kaş",
        "tur": "vegan dostu",
        "adres": "Payam Otel içi, Andifli, Yeni Cami Cd. No:23, 07580 Kaş/Antalya",
        "telefon": "+90 536 424 52 15",
        "not": "Deniz manzaralı kafe; vejetaryen burger, hindistancevizli pirinç, vegan yemek seçenekleri",
        "id": "v0212",
        "kaynak": "Google Places",
        "eklenme": "2026-07-27",
        "web": null
      }
    },
    {
      "type": "Feature",
      "geometry": {
        "type": "Point",
        "coordinates": [
          29.4154788,
          36.2626042
        ]
      },
      "properties": {
        "ad": "The Leaves Terrace Restaurant",
        "il": "Antalya",
        "ilce": "Kaş (Kalkan)",
        "tur": "vegan dostu",
        "adres": "Kalkan, Hasan Altan Cd. No:61/A, 07580 Kaş/Antalya",
        "telefon": "+90 543 627 24 88",
        "not": "Liman manzaralı teras restoran; geniş vejetaryen meze ve dip seçenekleri",
        "id": "v0213",
        "kaynak": "Google Places",
        "eklenme": "2026-07-27",
        "web": null
      }
    },
    {
      "type": "Feature",
      "geometry": {
        "type": "Point",
        "coordinates": [
          27.6857165,
          36.7241086
        ]
      },
      "properties": {
        "ad": "Mabel Datça",
        "il": "Muğla",
        "ilce": "Datça",
        "tur": "vegan dostu",
        "adres": "İskele, Bademli Cd. No:2, 48900 Datça/Muğla",
        "telefon": "+90 553 352 88 48",
        "not": "Ev yapımı Türk/Akdeniz mutfağı, sağlıklı ve vegan/vejetaryen dostu seçenekler",
        "id": "v0214",
        "kaynak": "Google Places",
        "eklenme": "2026-07-27",
        "web": null
      }
    },
    {
      "type": "Feature",
      "geometry": {
        "type": "Point",
        "coordinates": [
          27.3686801,
          37.9497363
        ]
      },
      "properties": {
        "ad": "Olabilir Community Selçuk",
        "il": "İzmir",
        "ilce": "Selçuk",
        "tur": "vegan dostu",
        "adres": "Atatürk, Uğur Mumcu Sevgi Yolu 8 A, 35920 Selçuk/İzmir",
        "telefon": "+90 551 369 49 35",
        "not": "Kahve ve sağlıklı kahvaltı odaklı mekan; vegan falafel bowl, çiğ vegan dut cheesecake",
        "id": "v0215",
        "kaynak": "Google Places",
        "eklenme": "2026-07-27",
        "web": null
      }
    },
    {
      "type": "Feature",
      "geometry": {
        "type": "Point",
        "coordinates": [
          27.2606434,
          37.8577152
        ]
      },
      "properties": {
        "ad": "Casablanca Restaurant",
        "il": "Aydın",
        "ilce": "Kuşadası",
        "tur": "vegan dostu",
        "adres": "Camikebir, Vahit Kutal Sk. No:3, 09400 Kuşadası/Aydın",
        "telefon": "+90 532 695 31 26",
        "not": "Kebap/pizza/deniz ürünleri restoranı, vegan ve vejetaryen seçenekler menüde",
        "id": "v0216",
        "kaynak": "Google Places",
        "eklenme": "2026-07-27",
        "web": null
      }
    },
    {
      "type": "Feature",
      "geometry": {
        "type": "Point",
        "coordinates": [
          27.2596763,
          37.8613091
        ]
      },
      "properties": {
        "ad": "Mantista",
        "il": "Aydın",
        "ilce": "Kuşadası",
        "tur": "vejetaryen",
        "adres": "Camikebir, Öğe Sk. Pancar Apt A2/15, 09400 Kuşadası/Aydın",
        "telefon": "+90 553 334 37 94",
        "not": "El yapımı mantı/falafel; vejetaryen odaklı küçük mekan",
        "id": "v0217",
        "kaynak": "Google Places",
        "eklenme": "2026-07-27",
        "web": null
      }
    },
    {
      "type": "Feature",
      "geometry": {
        "type": "Point",
        "coordinates": [
          29.0219797,
          40.9848599
        ]
      },
      "properties": {
        "ad": "Vegan Kasap",
        "il": "İstanbul",
        "ilce": "Kadıköy",
        "tur": "vegan",
        "adres": "Caferağa, Rızapaşa Sok. 27/A, 34710 Kadıköy/İstanbul",
        "telefon": "+90 537 525 30 70",
        "not": "Vegan kasap/fast-food konsepti; vegan lahmacun, döner, ayran ve vegan şarküteri ürünleri (kaşar, füme et vb.) satışı",
        "id": "v0218",
        "kaynak": "Google Places",
        "eklenme": "2026-07-27"
      }
    },
    {
      "type": "Feature",
      "geometry": {
        "type": "Point",
        "coordinates": [
          29.0297767,
          40.9933937
        ]
      },
      "properties": {
        "ad": "Vintage Coffee",
        "il": "İstanbul",
        "ilce": "Kadıköy",
        "tur": "vegan dostu",
        "adres": "Rasimpaşa, Misak-ı Milli Sok. No:97, 34716 Kadıköy/İstanbul",
        "telefon": "+90 530 822 60 25",
        "not": "Vintage dekorlu kafe; geniş vegan kahvaltı, burger ve içecek seçenekleri sunuyor",
        "id": "v0219",
        "kaynak": "Google Places",
        "eklenme": "2026-07-27"
      }
    },
    {
      "type": "Feature",
      "geometry": {
        "type": "Point",
        "coordinates": [
          29.1146917,
          36.6206295
        ]
      },
      "properties": {
        "ad": "Eski Ev Pub & Kitchen Vegan friendly",
        "il": "Muğla",
        "ilce": "Fethiye",
        "tur": "vegan",
        "adres": "Cumhuriyet, Çarşı Cd. Üstyol no:194, 48100 Fethiye/Muğla",
        "telefon": "+90 532 514 18 95",
        "not": "Fethiye merkezde tamamen vegan menü sunan pub/kafe; lahmacun, menemen, schnitzel gibi Türk mutfağının vegan versiyonları",
        "id": "v0220",
        "kaynak": "Google Places",
        "eklenme": "2026-07-27"
      }
    },
    {
      "type": "Feature",
      "geometry": {
        "type": "Point",
        "coordinates": [
          37.3726299,
          37.0609234
        ]
      },
      "properties": {
        "ad": "mutfakna",
        "il": "Gaziantep",
        "ilce": "Şahinbey",
        "tur": "vejetaryen",
        "adres": "Akyol, Akyol Cd. No:34B, 27010 Şahinbey/Gaziantep",
        "telefon": "+90 553 160 30 36",
        "not": "Yerel ve sürdürülebilir dayanışma mutfağı; günlük değişen vegan/vejetaryen menü (mercimek köfte, dolma vb.)",
        "id": "v0221",
        "kaynak": "Google Places",
        "eklenme": "2026-07-27"
      }
    },
    {
      "type": "Feature",
      "geometry": {
        "type": "Point",
        "coordinates": [
          28.9958905,
          41.0485117
        ]
      },
      "properties": {
        "ad": "Avocado Bar",
        "il": "İstanbul",
        "ilce": "Şişli",
        "tur": "vegan dostu",
        "adres": "Teşvikiye, Ahmet Fetgeri Sok. No:29 B, 34365 Şişli/İstanbul",
        "telefon": "+90 537 916 73 91",
        "not": "Nişantaşı'nda kahvaltı/brunch mekanı; menüsünde vegan ve vejetaryen seçenekler mevcut",
        "id": "v0222",
        "kaynak": "Google Places",
        "eklenme": "2026-07-27"
      }
    },
    {
      "type": "Feature",
      "geometry": {
        "type": "Point",
        "coordinates": [
          27.1172529,
          38.4550529
        ]
      },
      "properties": {
        "ad": "Biberiye Zeytinyağlı",
        "il": "İzmir",
        "ilce": "Karşıyaka",
        "tur": "vegan dostu",
        "adres": "Donanmacı 1721. Sokak, Donanmacı, Cami sokağı No:28, 35580 Karşıyaka/İzmir",
        "telefon": "+90 232 369 34 56",
        "not": "Ev yemeği tarzı zeytinyağlı lokanta; geniş vejetaryen ve vegan seçenekler sunuyor",
        "id": "v0223",
        "kaynak": "Google Places",
        "eklenme": "2026-07-27"
      }
    },
    {
      "type": "Feature",
      "geometry": {
        "type": "Point",
        "coordinates": [
          27.214575,
          38.460799
        ]
      },
      "properties": {
        "ad": "Du Levant Bornova",
        "il": "İzmir",
        "ilce": "Bornova",
        "tur": "vegan dostu",
        "adres": "Kazımdirik, 161. Sk. No:5A, 35100 Bornova/İzmir",
        "telefon": "+90 539 611 97 71",
        "not": "Ürdün/Filistin mutfağı; falafel, humus ve ayrı bir vegan menüsü bulunuyor",
        "id": "v0224",
        "kaynak": "Google Places",
        "eklenme": "2026-07-27"
      }
    },
    {
      "type": "Feature",
      "geometry": {
        "type": "Point",
        "coordinates": [
          36.1410026,
          36.1985279
        ]
      },
      "properties": {
        "ad": "Bikolimvar",
        "il": "Hatay",
        "ilce": "Defne (Antakya)",
        "tur": "online-satis",
        "adres": "Çekmece Mah. Uğur Mumcu Bulvarı, Defne/Hatay",
        "telefon": "+90 533 479 22 80",
        "not": "Antakya/Hatay mutfağının vegan ve vejetaryen yemeklerini (lahmacun, mezeler, tatlılar) vakumlu paketlerde Türkiye geneline kargoyla satan online sipariş sitesi. Fiziksel mekan değil, e-ticaret işletmesi.",
        "id": "v0225",
        "kaynak": "Web araştırması (bikolimvar.com)",
        "eklenme": "2026-09-01",
        "web": "https://www.bikolimvar.com/",
        "kanal": "online"
      }
    },
    {
      "type": "Feature",
      "geometry": {
        "type": "Point",
        "coordinates": [
          29.002078,
          41.0490179
        ]
      },
      "properties": {
        "ad": "Vegan Dünyası (Beşiktaş)",
        "il": "İstanbul",
        "ilce": "Beşiktaş",
        "tur": "vegan ürünlü",
        "adres": "Türkali, Ihlamurdere Cd. No:121, Beşiktaş/İstanbul",
        "telefon": "+90 542 846 88 46",
        "not": "1000'i aşkın vegan/glutensiz/organik ürün satan mağaza; ayrıca web sitesi üzerinden Türkiye'nin 81 iline kargo ile gönderim yapıyor.",
        "id": "v0227",
        "kaynak": "Google Places, Web araştırması (vegandunyasi.com)",
        "eklenme": "2026-09-01",
        "web": "https://www.vegandunyasi.com/",
        "kanal": "hem fiziksel hem online"
      }
    },
    {
      "type": "Feature",
      "geometry": {
        "type": "Point",
        "coordinates": [
          30.7676424,
          36.8552132
        ]
      },
      "properties": {
        "ad": "Simply Vegan Market",
        "il": "Antalya",
        "ilce": "Muratpaşa",
        "tur": "vegan ürünlü",
        "adres": "Çağlayan, Mustafa Kök Sitesi No:21, Muratpaşa/Antalya",
        "telefon": "+90 555 725 58 02",
        "not": "Antalya'nın tek tam vegan marketi; et/peynir alternatifleri, geniş ürün yelpazesi. Web sitesi üzerinden Türkiye geneline aynı gün kargo imkanı sunuyor.",
        "id": "v0228",
        "kaynak": "Google Places, Web araştırması (simplyvegan.com.tr)",
        "eklenme": "2026-09-01",
        "web": "https://simplyvegan.com.tr/",
        "kanal": "hem fiziksel hem online"
      }
    },
    {
      "type": "Feature",
      "geometry": {
        "type": "Point",
        "coordinates": [
          28.9848,
          41.0333
        ]
      },
      "properties": {
        "ad": "Vegan Dükkan",
        "il": "İstanbul",
        "ilce": "Beyoğlu",
        "tur": "vegan ürünlü",
        "adres": "Sıraselviler Cd. Soğancı Sk. No:8/C, Cihangir, Beyoğlu/İstanbul",
        "telefon": "+90 212 243 23 83",
        "not": "Türkiye'nin ilk vegan ürün marketi (2004'ten beri Cihangir'de); yalnızca vegan/vejetaryen, ekolojik, hayvan dostu ürünler satıyor. iOS/Android mobil uygulaması ve web sitesi (vegandukkan.com) üzerinden Türkiye geneline kargo gönderiyor.",
        "id": "v0229",
        "kaynak": "Web araştırması (vegandukkan.com)",
        "eklenme": "2026-09-01",
        "web": "https://www.vegandukkan.com/",
        "kanal": "hem fiziksel hem online"
      }
    },
    {
      "type": "Feature",
      "geometry": {
        "type": "Point",
        "coordinates": [
          29.0195,
          41.073
        ]
      },
      "properties": {
        "ad": "Just Vegan Store",
        "il": "İstanbul",
        "ilce": "Beşiktaş",
        "tur": "online-satis",
        "adres": "Kültür Mah. Sevil Sk. No:2A, Beşiktaş/İstanbul",
        "telefon": null,
        "not": "Just Vegan Gıda San. ve Tic. A.Ş. tarafından işletilen, yalnızca vegan ürünler satan online market (justveganstore.com); ayrıca Yemeksepeti üzerinden İstanbul içi hızlı teslimat yapıyor.",
        "id": "v0230",
        "kaynak": "Web araştırması (justveganstore.com)",
        "eklenme": "2026-09-01",
        "web": "https://www.justveganstore.com/",
        "kanal": "online"
      }
    }
  ]
}